"Organ_Pair","Organ1","Organ2","Gene_Organ1","Gene_Organ2","Correlation","P_value","N","Gene1","Gene2","Group","Analysis_Note","Significance","Significant"
"Pancreas_vs_Liver","Pancreas","Liver","Pancreas_Ins2","Liver_Tbc1d4",0.888070482331658,0.000114336698474466,12,"Ins2","Tbc1d4","All_Groups","Metabolic-immune axis (n=12)","p<0.001",TRUE
"Pancreas_vs_Liver","Pancreas","Liver","Pancreas_Ins2","Liver_Mafa",0.873355333007827,0.000206653201022495,12,"Ins2","Mafa","All_Groups","Metabolic-immune axis (n=12)","p<0.001",TRUE
"Pancreas_vs_Colon","Pancreas","Colon","Pancreas_Zfand6","Colon_Mafa",-0.863979741556227,0.000290525692942224,12,"Zfand6","Mafa","All_Groups","Metabolic-immune axis (n=12)","p<0.001",TRUE
"Pancreas_vs_Kidney","Pancreas","Kidney","Pancreas_Ghrhr","Kidney_Glp1r",0.903482623165292,0.000337435535959267,10,"Ghrhr","Glp1r","All_Groups","Metabolic-immune axis (n=12)","p<0.001",TRUE
"Pancreas_vs_Colon","Pancreas","Colon","Pancreas_Zfand6","Colon_Tbc1d4",-0.877443522130623,0.000386298914971537,11,"Zfand6","Tbc1d4","All_Groups","Metabolic-immune axis (n=12)","p<0.001",TRUE
"Pancreas_vs_Liver","Pancreas","Liver","Pancreas_Ins2","Liver_Ghrhr",0.853024899682836,0.000419766600876132,12,"Ins2","Ghrhr","All_Groups","Metabolic-immune axis (n=12)","p<0.001",TRUE
"Kidney_vs_Colon","Kidney","Colon","Kidney_Mafa","Colon_Tbc1d4",-0.872228378931492,0.000462342577780575,11,"Mafa","Tbc1d4","All_Groups","Metabolic-immune axis (n=12)","p<0.001",TRUE
"Pancreas_vs_Colon","Pancreas","Colon","Pancreas_Zfand6","Colon_Ghrhr",-0.848224850209074,0.000488776341540761,12,"Zfand6","Ghrhr","All_Groups","Metabolic-immune axis (n=12)","p<0.001",TRUE
"Pancreas_vs_Liver","Pancreas","Liver","Pancreas_Ins2","Liver_Tcf19",0.848151269075177,0.000489898554980532,12,"Ins2","Tcf19","All_Groups","Metabolic-immune axis (n=12)","p<0.001",TRUE
"Colon_vs_Spleen","Colon","Spleen","Colon_Zfand6","Spleen_Ghrhr",0.84569716003922,0.000528487293681747,12,"Zfand6","Ghrhr","All_Groups","Metabolic-immune axis (n=12)","p<0.001",TRUE
"Pancreas_vs_Colon","Pancreas","Colon","Pancreas_Zfand6","Colon_Glut1",-0.843899268644362,0.000558222378325315,12,"Zfand6","Glut1","All_Groups","Metabolic-immune axis (n=12)","p<0.001",TRUE
"Kidney_vs_Colon","Kidney","Colon","Kidney_Zfand6","Colon_Srr",-0.862080734541709,0.000642219474457083,11,"Zfand6","Srr","All_Groups","Metabolic-immune axis (n=12)","p<0.001",TRUE
"Pancreas_vs_Liver","Pancreas","Liver","Pancreas_Ins2","Liver_Glut1",0.837897746017623,0.000666969667501096,12,"Ins2","Glut1","All_Groups","Metabolic-immune axis (n=12)","p<0.001",TRUE
"Kidney_vs_Colon","Kidney","Colon","Kidney_Mafa","Colon_Glp1r",-0.824389441941696,0.000971562472188124,12,"Mafa","Glp1r","All_Groups","Metabolic-immune axis (n=12)","p<0.001",TRUE
"Colon_vs_Spleen","Colon","Spleen","Colon_Ghrhr","Spleen_Ghrhr",0.822829788278099,0.00101265554669264,12,"Ghrhr","Ghrhr","All_Groups","Metabolic-immune axis (n=12)","p<0.01",TRUE
"Pancreas_vs_Colon","Pancreas","Colon","Pancreas_Zfand6","Colon_Zfand6",-0.821425257161605,0.00105079655587489,12,"Zfand6","Zfand6","All_Groups","Metabolic-immune axis (n=12)","p<0.01",TRUE
"Pancreas_vs_Spleen","Pancreas","Spleen","Pancreas_Ghrhr","Spleen_Glut1",0.866663709018806,0.0011736379328124,10,"Ghrhr","Glut1","All_Groups","Metabolic-immune axis (n=12)","p<0.01",TRUE
"Kidney_vs_Colon","Kidney","Colon","Kidney_Zfand6","Colon_Tbc1d4",-0.840813953306309,0.00118562506322116,11,"Zfand6","Tbc1d4","All_Groups","Metabolic-immune axis (n=12)","p<0.01",TRUE
"Kidney_vs_Colon","Kidney","Colon","Kidney_Mafa","Colon_Insr",-0.804267728231411,0.00161201404163986,12,"Mafa","Insr","All_Groups","Metabolic-immune axis (n=12)","p<0.01",TRUE
"Pancreas_vs_Liver","Pancreas","Liver","Pancreas_Ins2","Liver_Zfand6",0.804120872610926,0.0016176429708633,12,"Ins2","Zfand6","All_Groups","Metabolic-immune axis (n=12)","p<0.01",TRUE
"Kidney_vs_Spleen","Kidney","Spleen","Kidney_Mafa","Spleen_Ghrhr",-0.800595776759445,0.00175734408629682,12,"Mafa","Ghrhr","All_Groups","Metabolic-immune axis (n=12)","p<0.01",TRUE
"Pancreas_vs_Colon","Pancreas","Colon","Pancreas_Zfand6","Colon_Srr",-0.823454945859906,0.00183955942270792,11,"Zfand6","Srr","All_Groups","Metabolic-immune axis (n=12)","p<0.01",TRUE
"Liver_vs_Spleen","Liver","Spleen","Liver_Tbc1d4","Spleen_Tcf19",0.793679290145043,0.00205815791908035,12,"Tbc1d4","Tcf19","All_Groups","Metabolic-immune axis (n=12)","p<0.01",TRUE
"Colon_vs_Spleen","Colon","Spleen","Colon_Glut1","Spleen_Ghrhr",0.788244120653833,0.00232098213986396,12,"Glut1","Ghrhr","All_Groups","Metabolic-immune axis (n=12)","p<0.01",TRUE
"Colon_vs_Spleen","Colon","Spleen","Colon_Tbc1d4","Spleen_Ghrhr",0.811133717888908,0.00244534771096926,11,"Tbc1d4","Ghrhr","All_Groups","Metabolic-immune axis (n=12)","p<0.01",TRUE
"Colon_vs_Spleen","Colon","Spleen","Colon_Srr","Spleen_Ghrhr",0.810275481397325,0.00249245500887159,11,"Srr","Ghrhr","All_Groups","Metabolic-immune axis (n=12)","p<0.01",TRUE
"Kidney_vs_Colon","Kidney","Colon","Kidney_Mafa","Colon_Srr",-0.809133532264489,0.00255617848979284,11,"Mafa","Srr","All_Groups","Metabolic-immune axis (n=12)","p<0.01",TRUE
"Pancreas_vs_Spleen","Pancreas","Spleen","Pancreas_Ins2","Spleen_Tcf19",0.777035363612118,0.00294332686392846,12,"Ins2","Tcf19","All_Groups","Metabolic-immune axis (n=12)","p<0.01",TRUE
"Colon_vs_Spleen","Colon","Spleen","Colon_Mafa","Spleen_Ghrhr",0.776451359830703,0.00297890912851714,12,"Mafa","Ghrhr","All_Groups","Metabolic-immune axis (n=12)","p<0.01",TRUE
"Liver_vs_Spleen","Liver","Spleen","Liver_Zfand6","Spleen_Tcf19",0.772860348923586,0.00320495489115265,12,"Zfand6","Tcf19","All_Groups","Metabolic-immune axis (n=12)","p<0.01",TRUE
"Kidney_vs_Colon","Kidney","Colon","Kidney_Mafa","Colon_Zfand6",-0.768140926834485,0.0035215916344116,12,"Mafa","Zfand6","All_Groups","Metabolic-immune axis (n=12)","p<0.01",TRUE
"Pancreas_vs_Liver","Pancreas","Liver","Pancreas_Glp1r","Liver_Tcf19",0.881905562661061,0.00376137750818211,8,"Glp1r","Tcf19","All_Groups","Metabolic-immune axis (n=12)","p<0.01",TRUE
"Colon_vs_Spleen","Colon","Spleen","Colon_Glp1r","Spleen_Ghrhr",0.76369791598513,0.00384087402578563,12,"Glp1r","Ghrhr","All_Groups","Metabolic-immune axis (n=12)","p<0.01",TRUE
"Liver_vs_Spleen","Liver","Spleen","Liver_Mafa","Spleen_Tcf19",0.759421584677379,0.00416846024693447,12,"Mafa","Tcf19","All_Groups","Metabolic-immune axis (n=12)","p<0.01",TRUE
"Liver_vs_Spleen","Liver","Spleen","Liver_Glut1","Spleen_Tcf19",0.758144692325133,0.0042702581113879,12,"Glut1","Tcf19","All_Groups","Metabolic-immune axis (n=12)","p<0.01",TRUE
"Colon_vs_Spleen","Colon","Spleen","Colon_Zfand6","Spleen_Mafa",0.755711371848773,0.00446944898696714,12,"Zfand6","Mafa","All_Groups","Metabolic-immune axis (n=12)","p<0.01",TRUE
"Kidney_vs_Colon","Kidney","Colon","Kidney_Mafa","Colon_Tcf19",-0.751118588086139,0.00486447960591714,12,"Mafa","Tcf19","All_Groups","Metabolic-immune axis (n=12)","p<0.01",TRUE
"Colon_vs_Spleen","Colon","Spleen","Colon_Insr","Spleen_Ghrhr",0.749051826507261,0.00505060476860216,12,"Insr","Ghrhr","All_Groups","Metabolic-immune axis (n=12)","p<0.01",TRUE
"Pancreas_vs_Spleen","Pancreas","Spleen","Pancreas_Ghrhr","Spleen_Srr",0.802060314594377,0.00524859737416929,10,"Ghrhr","Srr","All_Groups","Metabolic-immune axis (n=12)","p<0.01",TRUE
"Colon_vs_Spleen","Colon","Spleen","Colon_Mafa","Spleen_Mafa",0.732230299613469,0.00677238655426833,12,"Mafa","Mafa","All_Groups","Metabolic-immune axis (n=12)","p<0.01",TRUE
"Colon_vs_Spleen","Colon","Spleen","Colon_Glut1","Spleen_Mafa",0.732226253679286,0.00677284744581976,12,"Glut1","Mafa","All_Groups","Metabolic-immune axis (n=12)","p<0.01",TRUE
"Kidney_vs_Colon","Kidney","Colon","Kidney_Zfand6","Colon_Glp1r",-0.730590755932574,0.0069610921043892,12,"Zfand6","Glp1r","All_Groups","Metabolic-immune axis (n=12)","p<0.01",TRUE
"Pancreas_vs_Spleen","Pancreas","Spleen","Pancreas_Srr","Spleen_Mafa",0.728935574612112,0.00715557251923865,12,"Srr","Mafa","All_Groups","Metabolic-immune axis (n=12)","p<0.01",TRUE
"Colon_vs_Spleen","Colon","Spleen","Colon_Zfand6","Spleen_Insr",0.726431497514994,0.00745750633451334,12,"Zfand6","Insr","All_Groups","Metabolic-immune axis (n=12)","p<0.01",TRUE
"Pancreas_vs_Liver","Pancreas","Liver","Pancreas_Glp1r","Liver_Ghrhr",0.849038047392848,0.00765647079421663,8,"Glp1r","Ghrhr","All_Groups","Metabolic-immune axis (n=12)","p<0.01",TRUE
"Pancreas_vs_Colon","Pancreas","Colon","Pancreas_Tbc1d4","Colon_Tbc1d4",-0.750658728425685,0.00776778576573375,11,"Tbc1d4","Tbc1d4","All_Groups","Metabolic-immune axis (n=12)","p<0.01",TRUE
"Kidney_vs_Spleen","Kidney","Spleen","Kidney_Glp1r","Spleen_Srr",0.723356818251171,0.00784118331013387,12,"Glp1r","Srr","All_Groups","Metabolic-immune axis (n=12)","p<0.01",TRUE
"Colon_vs_Spleen","Colon","Spleen","Colon_Zfand6","Spleen_Srr",0.722229656828758,0.00798547348489828,12,"Zfand6","Srr","All_Groups","Metabolic-immune axis (n=12)","p<0.01",TRUE
"Kidney_vs_Colon","Kidney","Colon","Kidney_Mafa","Colon_Glut1",-0.719836461206486,0.00829840988944547,12,"Mafa","Glut1","All_Groups","Metabolic-immune axis (n=12)","p<0.01",TRUE
"Pancreas_vs_Liver","Pancreas","Liver","Pancreas_Ins2","Liver_Srr",0.715533830621489,0.00888397271011286,12,"Ins2","Srr","All_Groups","Metabolic-immune axis (n=12)","p<0.01",TRUE
"Kidney_vs_Colon","Kidney","Colon","Kidney_Zfand6","Colon_Insr",-0.714564909505685,0.0090199841578229,12,"Zfand6","Insr","All_Groups","Metabolic-immune axis (n=12)","p<0.01",TRUE
"Colon_vs_Spleen","Colon","Spleen","Colon_Ghrhr","Spleen_Ins2",0.921175961631916,0.0090749676354653,6,"Ghrhr","Ins2","All_Groups","Metabolic-immune axis (n=12)","p<0.01",TRUE
"Kidney_vs_Spleen","Kidney","Spleen","Kidney_Glp1r","Spleen_Glut1",0.711485631848348,0.00946256607682521,12,"Glp1r","Glut1","All_Groups","Metabolic-immune axis (n=12)","p<0.01",TRUE
"Pancreas_vs_Spleen","Pancreas","Spleen","Pancreas_Ins1","Spleen_Tbc1d4",-0.917258034386714,0.00998611392782327,6,"Ins1","Tbc1d4","All_Groups","Metabolic-immune axis (n=12)","p<0.01",TRUE
"Kidney_vs_Colon","Kidney","Colon","Kidney_Mafa","Colon_Ins2",-0.91626329994602,0.0102241784444663,6,"Mafa","Ins2","All_Groups","Metabolic-immune axis (n=12)","p<0.05",TRUE
"Colon_vs_Spleen","Colon","Spleen","Colon_Ghrhr","Spleen_Srr",0.706303091136533,0.0102437372322129,12,"Ghrhr","Srr","All_Groups","Metabolic-immune axis (n=12)","p<0.05",TRUE
"Pancreas_vs_Spleen","Pancreas","Spleen","Pancreas_Glp1r","Spleen_Glp1r",-0.830570367008374,0.0106665369892931,8,"Glp1r","Glp1r","All_Groups","Metabolic-immune axis (n=12)","p<0.05",TRUE
"Colon_vs_Spleen","Colon","Spleen","Colon_Ghrhr","Spleen_Mafa",0.702673775738087,0.010818671322673,12,"Ghrhr","Mafa","All_Groups","Metabolic-immune axis (n=12)","p<0.05",TRUE
"Liver_vs_Spleen","Liver","Spleen","Liver_Insr","Spleen_Zfand6",0.702347610443918,0.0108714894880389,12,"Insr","Zfand6","All_Groups","Metabolic-immune axis (n=12)","p<0.05",TRUE
"Liver_vs_Spleen","Liver","Spleen","Liver_Ins2","Spleen_Tbc1d4",-0.729215991717656,0.010883747911956,11,"Ins2","Tbc1d4","All_Groups","Metabolic-immune axis (n=12)","p<0.05",TRUE
"Liver_vs_Spleen","Liver","Spleen","Liver_Ins2","Spleen_Glut1",-0.728935607422818,0.0109296774678283,11,"Ins2","Glut1","All_Groups","Metabolic-immune axis (n=12)","p<0.05",TRUE
"Kidney_vs_Colon","Kidney","Colon","Kidney_Insr","Colon_Glut1",-0.700152981880833,0.0112318780446551,12,"Insr","Glut1","All_Groups","Metabolic-immune axis (n=12)","p<0.05",TRUE
"Kidney_vs_Spleen","Kidney","Spleen","Kidney_Glut1","Spleen_Tcf19",0.698793986828954,0.0114594452631961,12,"Glut1","Tcf19","All_Groups","Metabolic-immune axis (n=12)","p<0.05",TRUE
"Kidney_vs_Colon","Kidney","Colon","Kidney_Glut4","Colon_Ghrhr",0.954282221096472,0.0116536155024614,5,"Glut4","Ghrhr","All_Groups","Metabolic-immune axis (n=12)","p<0.05",TRUE
"Liver_vs_Spleen","Liver","Spleen","Liver_Insr","Spleen_Tcf19",0.693727618990422,0.0123380725224135,12,"Insr","Tcf19","All_Groups","Metabolic-immune axis (n=12)","p<0.05",TRUE
"Kidney_vs_Colon","Kidney","Colon","Kidney_Insr","Colon_Mafa",-0.692142570128051,0.0126229304977447,12,"Insr","Mafa","All_Groups","Metabolic-immune axis (n=12)","p<0.05",TRUE
"Kidney_vs_Colon","Kidney","Colon","Kidney_Zfand6","Colon_Glut1",-0.69031290001362,0.0129577718196896,12,"Zfand6","Glut1","All_Groups","Metabolic-immune axis (n=12)","p<0.05",TRUE
"Colon_vs_Spleen","Colon","Spleen","Colon_Tcf19","Spleen_Ghrhr",0.688415369469653,0.0133119266992613,12,"Tcf19","Ghrhr","All_Groups","Metabolic-immune axis (n=12)","p<0.05",TRUE
"Kidney_vs_Colon","Kidney","Colon","Kidney_Zfand6","Colon_Zfand6",-0.68784017379238,0.013420680556546,12,"Zfand6","Zfand6","All_Groups","Metabolic-immune axis (n=12)","p<0.05",TRUE
"Liver_vs_Spleen","Liver","Spleen","Liver_Ins2","Spleen_Glp1r",-0.71451657560559,0.0134866721043938,11,"Ins2","Glp1r","All_Groups","Metabolic-immune axis (n=12)","p<0.05",TRUE
"Pancreas_vs_Colon","Pancreas","Colon","Pancreas_Zfand6","Colon_Insr",-0.685382895080978,0.0138926941377712,12,"Zfand6","Insr","All_Groups","Metabolic-immune axis (n=12)","p<0.05",TRUE
"Kidney_vs_Spleen","Kidney","Spleen","Kidney_Srr","Spleen_Glp1r",-0.684082695424773,0.014147348966326,12,"Srr","Glp1r","All_Groups","Metabolic-immune axis (n=12)","p<0.05",TRUE
"Pancreas_vs_Liver","Pancreas","Liver","Pancreas_Glp1r","Liver_Glp1r",0.811739597762773,0.0144142321581765,8,"Glp1r","Glp1r","All_Groups","Metabolic-immune axis (n=12)","p<0.05",TRUE
"Kidney_vs_Colon","Kidney","Colon","Kidney_Insr","Colon_Zfand6",-0.681965656999793,0.0145693373197635,12,"Insr","Zfand6","All_Groups","Metabolic-immune axis (n=12)","p<0.05",TRUE
"Pancreas_vs_Colon","Pancreas","Colon","Pancreas_Zfand6","Colon_Glp1r",-0.681269196131985,0.0147101701177453,12,"Zfand6","Glp1r","All_Groups","Metabolic-immune axis (n=12)","p<0.05",TRUE
"Kidney_vs_Colon","Kidney","Colon","Kidney_Zfand6","Colon_Mafa",-0.681131411401449,0.0147381503381849,12,"Zfand6","Mafa","All_Groups","Metabolic-immune axis (n=12)","p<0.05",TRUE
"Pancreas_vs_Spleen","Pancreas","Spleen","Pancreas_Ghrhr","Spleen_Mafa",0.736854827125102,0.0150525474878244,10,"Ghrhr","Mafa","All_Groups","Metabolic-immune axis (n=12)","p<0.05",TRUE
"Pancreas_vs_Liver","Pancreas","Liver","Pancreas_Glp1r","Liver_Mafa",0.80323855977954,0.0163443180775131,8,"Glp1r","Mafa","All_Groups","Metabolic-immune axis (n=12)","p<0.05",TRUE
"Liver_vs_Spleen","Liver","Spleen","Liver_Tcf19","Spleen_Tcf19",0.672221658115676,0.0166322312591843,12,"Tcf19","Tcf19","All_Groups","Metabolic-immune axis (n=12)","p<0.05",TRUE
"Liver_vs_Spleen","Liver","Spleen","Liver_Mafa","Spleen_Glut1",-0.671321134306578,0.0168331451147916,12,"Mafa","Glut1","All_Groups","Metabolic-immune axis (n=12)","p<0.05",TRUE
"Kidney_vs_Colon","Kidney","Colon","Kidney_Mafa","Colon_Mafa",-0.668240630771843,0.01753392036205,12,"Mafa","Mafa","All_Groups","Metabolic-immune axis (n=12)","p<0.05",TRUE
"Pancreas_vs_Colon","Pancreas","Colon","Pancreas_Ghrhr","Colon_Ghrhr",0.725413062693591,0.0175769042949867,10,"Ghrhr","Ghrhr","All_Groups","Metabolic-immune axis (n=12)","p<0.05",TRUE
"Pancreas_vs_Liver","Pancreas","Liver","Pancreas_Glp1r","Liver_Srr",0.794630136072304,0.0184561960313098,8,"Glp1r","Srr","All_Groups","Metabolic-immune axis (n=12)","p<0.05",TRUE
"Colon_vs_Spleen","Colon","Spleen","Colon_Tbc1d4","Spleen_Mafa",0.691016336766607,0.0185392755215603,11,"Tbc1d4","Mafa","All_Groups","Metabolic-immune axis (n=12)","p<0.05",TRUE
"Colon_vs_Spleen","Colon","Spleen","Colon_Glut1","Spleen_Srr",0.663097919702936,0.0187511679294155,12,"Glut1","Srr","All_Groups","Metabolic-immune axis (n=12)","p<0.05",TRUE
"Liver_vs_Spleen","Liver","Spleen","Liver_Srr","Spleen_Tcf19",0.662615607021879,0.0188684162576549,12,"Srr","Tcf19","All_Groups","Metabolic-immune axis (n=12)","p<0.05",TRUE
"Pancreas_vs_Liver","Pancreas","Liver","Pancreas_Ins2","Liver_Glp1r",0.660453810740155,0.0194005416615995,12,"Ins2","Glp1r","All_Groups","Metabolic-immune axis (n=12)","p<0.05",TRUE
"Pancreas_vs_Liver","Pancreas","Liver","Pancreas_Glp1r","Liver_Tbc1d4",0.789946544002135,0.0196733007994585,8,"Glp1r","Tbc1d4","All_Groups","Metabolic-immune axis (n=12)","p<0.05",TRUE
"Pancreas_vs_Liver","Pancreas","Liver","Pancreas_Glp1r","Liver_Glut1",0.789615100925707,0.0197612748600895,8,"Glp1r","Glut1","All_Groups","Metabolic-immune axis (n=12)","p<0.05",TRUE
"Colon_vs_Spleen","Colon","Spleen","Colon_Glut1","Spleen_Insr",0.658177936013935,0.0199725173872288,12,"Glut1","Insr","All_Groups","Metabolic-immune axis (n=12)","p<0.05",TRUE
"Pancreas_vs_Kidney","Pancreas","Kidney","Pancreas_Ins2","Kidney_Glut1",0.650959738131885,0.0218681795740757,12,"Ins2","Glut1","All_Groups","Metabolic-immune axis (n=12)","p<0.05",TRUE
"Colon_vs_Spleen","Colon","Spleen","Colon_Mafa","Spleen_Srr",0.64820878172199,0.0226240078542701,12,"Mafa","Srr","All_Groups","Metabolic-immune axis (n=12)","p<0.05",TRUE
"Pancreas_vs_Kidney","Pancreas","Kidney","Pancreas_Insr","Kidney_Ins2",-0.673965067080642,0.0229650800243342,11,"Insr","Ins2","All_Groups","Metabolic-immune axis (n=12)","p<0.05",TRUE
"Kidney_vs_Colon","Kidney","Colon","Kidney_Zfand6","Colon_Tcf19",-0.64687382855166,0.0229975557176357,12,"Zfand6","Tcf19","All_Groups","Metabolic-immune axis (n=12)","p<0.05",TRUE
"Colon_vs_Spleen","Colon","Spleen","Colon_Ghrhr","Spleen_Insr",0.644870429876224,0.0235665344684889,12,"Ghrhr","Insr","All_Groups","Metabolic-immune axis (n=12)","p<0.05",TRUE
"Pancreas_vs_Colon","Pancreas","Colon","Pancreas_Tbc1d4","Colon_Srr",-0.668811731502389,0.0244383774856431,11,"Tbc1d4","Srr","All_Groups","Metabolic-immune axis (n=12)","p<0.05",TRUE
"Kidney_vs_Colon","Kidney","Colon","Kidney_Mafa","Colon_Ghrhr",-0.64102658194911,0.0246867401676552,12,"Mafa","Ghrhr","All_Groups","Metabolic-immune axis (n=12)","p<0.05",TRUE
"Pancreas_vs_Liver","Pancreas","Liver","Pancreas_Glp1r","Liver_Ins2",0.771888938860184,0.024829054430876,8,"Glp1r","Ins2","All_Groups","Metabolic-immune axis (n=12)","p<0.05",TRUE
"Colon_vs_Spleen","Colon","Spleen","Colon_Mafa","Spleen_Ins2",0.867604714133441,0.0251324214195603,6,"Mafa","Ins2","All_Groups","Metabolic-immune axis (n=12)","p<0.05",TRUE
"Kidney_vs_Colon","Kidney","Colon","Kidney_Insr","Colon_Glp1r",-0.636846236295534,0.0259483044897353,12,"Insr","Glp1r","All_Groups","Metabolic-immune axis (n=12)","p<0.05",TRUE
"Colon_vs_Spleen","Colon","Spleen","Colon_Srr","Spleen_Mafa",0.661785502036545,0.0265533338090544,11,"Srr","Mafa","All_Groups","Metabolic-immune axis (n=12)","p<0.05",TRUE
"Colon_vs_Spleen","Colon","Spleen","Colon_Tbc1d4","Spleen_Insr",0.66066081884003,0.0269034796638332,11,"Tbc1d4","Insr","All_Groups","Metabolic-immune axis (n=12)","p<0.05",TRUE
"Pancreas_vs_Liver","Pancreas","Liver","Pancreas_Glp1r","Liver_Zfand6",0.763664293866425,0.0274280612928538,8,"Glp1r","Zfand6","All_Groups","Metabolic-immune axis (n=12)","p<0.05",TRUE
"Colon_vs_Spleen","Colon","Spleen","Colon_Ghrhr","Spleen_Glut1",0.630612113570004,0.0279154385416129,12,"Ghrhr","Glut1","All_Groups","Metabolic-immune axis (n=12)","p<0.05",TRUE
"Pancreas_vs_Spleen","Pancreas","Spleen","Pancreas_Ghrhr","Spleen_Ghrhr",0.687673668317169,0.0279676764154502,10,"Ghrhr","Ghrhr","All_Groups","Metabolic-immune axis (n=12)","p<0.05",TRUE
"Colon_vs_Spleen","Colon","Spleen","Colon_Mafa","Spleen_Insr",0.624740270540016,0.0298646285909037,12,"Mafa","Insr","All_Groups","Metabolic-immune axis (n=12)","p<0.05",TRUE
"Pancreas_vs_Colon","Pancreas","Colon","Pancreas_Zfand6","Colon_Tcf19",-0.623489692663356,0.0302920925761562,12,"Zfand6","Tcf19","All_Groups","Metabolic-immune axis (n=12)","p<0.05",TRUE
"Pancreas_vs_Colon","Pancreas","Colon","Pancreas_Glp1r","Colon_Ghrhr",0.753509360696172,0.0308601458630381,8,"Glp1r","Ghrhr","All_Groups","Metabolic-immune axis (n=12)","p<0.05",TRUE
"Kidney_vs_Spleen","Kidney","Spleen","Kidney_Mafa","Spleen_Mafa",-0.619777424134676,0.0315869153752705,12,"Mafa","Mafa","All_Groups","Metabolic-immune axis (n=12)","p<0.05",TRUE
"Kidney_vs_Spleen","Kidney","Spleen","Kidney_Mafa","Spleen_Insr",-0.61694027606597,0.0326029483403588,12,"Mafa","Insr","All_Groups","Metabolic-immune axis (n=12)","p<0.05",TRUE
"Pancreas_vs_Spleen","Pancreas","Spleen","Pancreas_Srr","Spleen_Glut1",0.616462633441963,0.0327762775684402,12,"Srr","Glut1","All_Groups","Metabolic-immune axis (n=12)","p<0.05",TRUE
"Colon_vs_Spleen","Colon","Spleen","Colon_Srr","Spleen_Insr",0.640988843238617,0.0335669819167321,11,"Srr","Insr","All_Groups","Metabolic-immune axis (n=12)","p<0.05",TRUE
"Pancreas_vs_Liver","Pancreas","Liver","Pancreas_Ghrhr","Liver_Mafa",-0.670612903541424,0.033805962834205,10,"Ghrhr","Mafa","All_Groups","Metabolic-immune axis (n=12)","p<0.05",TRUE
"Colon_vs_Spleen","Colon","Spleen","Colon_Insr","Spleen_Insr",0.612394946320407,0.0342792542670497,12,"Insr","Insr","All_Groups","Metabolic-immune axis (n=12)","p<0.05",TRUE
"Kidney_vs_Liver","Kidney","Liver","Kidney_Tbc1d4","Liver_Ins1",-0.998515362486264,0.0346943760366022,3,"Tbc1d4","Ins1","All_Groups","Metabolic-immune axis (n=12)","p<0.05",TRUE
"Colon_vs_Spleen","Colon","Spleen","Colon_Srr","Spleen_Srr",0.637697794395958,0.0347846690477482,11,"Srr","Srr","All_Groups","Metabolic-immune axis (n=12)","p<0.05",TRUE
"Colon_vs_Spleen","Colon","Spleen","Colon_Tbc1d4","Spleen_Srr",0.635906126590544,0.0354603939117119,11,"Tbc1d4","Srr","All_Groups","Metabolic-immune axis (n=12)","p<0.05",TRUE
"Kidney_vs_Spleen","Kidney","Spleen","Kidney_Mafa","Spleen_Srr",-0.609183529500039,0.0355002035438402,12,"Mafa","Srr","All_Groups","Metabolic-immune axis (n=12)","p<0.05",TRUE
"Kidney_vs_Colon","Kidney","Colon","Kidney_Insr","Colon_Ghrhr",-0.609039584532798,0.0355556473477311,12,"Insr","Ghrhr","All_Groups","Metabolic-immune axis (n=12)","p<0.05",TRUE
"Pancreas_vs_Colon","Pancreas","Colon","Pancreas_Srr","Colon_Mafa",0.60713759638786,0.0362940648718026,12,"Srr","Mafa","All_Groups","Metabolic-immune axis (n=12)","p<0.05",TRUE
"Pancreas_vs_Liver","Pancreas","Liver","Pancreas_Srr","Liver_Mafa",-0.604061250759725,0.0375114837833549,12,"Srr","Mafa","All_Groups","Metabolic-immune axis (n=12)","p<0.05",TRUE
"Kidney_vs_Colon","Kidney","Colon","Kidney_Zfand6","Colon_Ins2",-0.836927493579662,0.0377206991051227,6,"Zfand6","Ins2","All_Groups","Metabolic-immune axis (n=12)","p<0.05",TRUE
"Pancreas_vs_Colon","Pancreas","Colon","Pancreas_Glp1r","Colon_Tbc1d4",0.781231976908732,0.0380645428626814,7,"Glp1r","Tbc1d4","All_Groups","Metabolic-immune axis (n=12)","p<0.05",TRUE
"Pancreas_vs_Spleen","Pancreas","Spleen","Pancreas_Ghrhr","Spleen_Glp1r",0.658440979379293,0.0384427273551315,10,"Ghrhr","Glp1r","All_Groups","Metabolic-immune axis (n=12)","p<0.05",TRUE
"Colon_vs_Spleen","Colon","Spleen","Colon_Glp1r","Spleen_Insr",0.601317546429854,0.0386215786884749,12,"Glp1r","Insr","All_Groups","Metabolic-immune axis (n=12)","p<0.05",TRUE
"Liver_vs_Spleen","Liver","Spleen","Liver_Ins1","Spleen_Glut1",-0.998126560656822,0.0389746985058878,3,"Ins1","Glut1","All_Groups","Metabolic-immune axis (n=12)","p<0.05",TRUE
"Pancreas_vs_Spleen","Pancreas","Spleen","Pancreas_Zfand6","Spleen_Ghrhr",-0.600410580375634,0.0389936217515206,12,"Zfand6","Ghrhr","All_Groups","Metabolic-immune axis (n=12)","p<0.05",TRUE
"Kidney_vs_Spleen","Kidney","Spleen","Kidney_Zfand6","Spleen_Tbc1d4",-0.59755038682953,0.0401835891069595,12,"Zfand6","Tbc1d4","All_Groups","Metabolic-immune axis (n=12)","p<0.05",TRUE
"Colon_vs_Spleen","Colon","Spleen","Colon_Mafa","Spleen_Tbc1d4",0.595853506821143,0.0409016365481859,12,"Mafa","Tbc1d4","All_Groups","Metabolic-immune axis (n=12)","p<0.05",TRUE
"Liver_vs_Spleen","Liver","Spleen","Liver_Tcf19","Spleen_Glut1",-0.592367056402329,0.0424054567414154,12,"Tcf19","Glut1","All_Groups","Metabolic-immune axis (n=12)","p<0.05",TRUE
"Kidney_vs_Spleen","Kidney","Spleen","Kidney_Glp1r","Spleen_Mafa",0.591851203479545,0.0426312411152064,12,"Glp1r","Mafa","All_Groups","Metabolic-immune axis (n=12)","p<0.05",TRUE
"Colon_vs_Spleen","Colon","Spleen","Colon_Zfand6","Spleen_Glut1",0.588539899166008,0.0441008909361685,12,"Zfand6","Glut1","All_Groups","Metabolic-immune axis (n=12)","p<0.05",TRUE
"Liver_vs_Spleen","Liver","Spleen","Liver_Ins2","Spleen_Mafa",-0.613648057053777,0.0446337237210118,11,"Ins2","Mafa","All_Groups","Metabolic-immune axis (n=12)","p<0.05",TRUE
"Kidney_vs_Colon","Kidney","Colon","Kidney_Zfand6","Colon_Ghrhr",-0.586117097217679,0.0451986485747825,12,"Zfand6","Ghrhr","All_Groups","Metabolic-immune axis (n=12)","p<0.05",TRUE
"Pancreas_vs_Colon","Pancreas","Colon","Pancreas_Srr","Colon_Glut1",0.585871138892354,0.0453111594426679,12,"Srr","Glut1","All_Groups","Metabolic-immune axis (n=12)","p<0.05",TRUE
"Pancreas_vs_Liver","Pancreas","Liver","Pancreas_Ghrhr","Liver_Ins2",-0.676588330383181,0.0453548668421053,9,"Ghrhr","Ins2","All_Groups","Metabolic-immune axis (n=12)","p<0.05",TRUE
"Pancreas_vs_Kidney","Pancreas","Kidney","Pancreas_Mafa","Kidney_Glut4",0.885752776282704,0.0455529253691165,5,"Mafa","Glut4","All_Groups","Metabolic-immune axis (n=12)","p<0.05",TRUE
"Kidney_vs_Spleen","Kidney","Spleen","Kidney_Zfand6","Spleen_Ghrhr",-0.585129608340866,0.0456515612517896,12,"Zfand6","Ghrhr","All_Groups","Metabolic-immune axis (n=12)","p<0.05",TRUE
"Pancreas_vs_Kidney","Pancreas","Kidney","Pancreas_Zfand6","Kidney_Glut4",-0.882318146024454,0.047596981309329,5,"Zfand6","Glut4","All_Groups","Metabolic-immune axis (n=12)","p<0.05",TRUE
"Pancreas_vs_Colon","Pancreas","Colon","Pancreas_Tbc1d4","Colon_Mafa",-0.580950992937824,0.0476035854487506,12,"Tbc1d4","Mafa","All_Groups","Metabolic-immune axis (n=12)","p<0.05",TRUE
"Kidney_vs_Liver","Kidney","Liver","Kidney_Insr","Liver_Srr",0.579109386900002,0.048482269317176,12,"Insr","Srr","All_Groups","Metabolic-immune axis (n=12)","p<0.05",TRUE
"Colon_vs_Spleen","Colon","Spleen","Colon_Mafa","Spleen_Glut1",0.578642476559876,0.0487068469202508,12,"Mafa","Glut1","All_Groups","Metabolic-immune axis (n=12)","p<0.05",TRUE
"Pancreas_vs_Colon","Pancreas","Colon","Pancreas_Srr","Colon_Zfand6",0.578420117500032,0.048814055500713,12,"Srr","Zfand6","All_Groups","Metabolic-immune axis (n=12)","p<0.05",TRUE
"Kidney_vs_Colon","Kidney","Colon","Kidney_Insr","Colon_Tbc1d4",-0.602075012398509,0.0499969969747855,11,"Insr","Tbc1d4","All_Groups","Metabolic-immune axis (n=12)","p<0.05",TRUE
