Organ1,Organ2,Col1,Col2,Gene1,Gene2,N,Correlation,P_value,rank,BH_threshold,p_adj_BH,Sig_raw,Sig_BH
Liver,Pancreas,Liver_Tbc1d4,Pancreas_Ins2,Tbc1d4,Ins2,12,0.8880704823316581,1.143366984744663e-4,1,1.7421602787456446e-4,0.03281463246217183,TRUE,TRUE
Colon,Pancreas,Colon_Mafa,Pancreas_Zfand6,Mafa,Zfand6,12,-0.8639797415562271,2.90525692942224e-4,2,3.484320557491289e-4,0.0351502213198532,TRUE,TRUE
Liver,Pancreas,Liver_Ghrhr,Pancreas_Ins2,Ghrhr,Ins2,12,0.8530248996828357,4.197666008761323e-4,3,5.226480836236935e-4,0.0351502213198532,TRUE,TRUE
Liver,Pancreas,Liver_Tcf19,Pancreas_Ins2,Tcf19,Ins2,12,0.8481512690751769,4.898985549805325e-4,4,6.968641114982578e-4,0.0351502213198532,TRUE,TRUE
Liver,Pancreas,Liver_Glut1,Pancreas_Ins2,Glut1,Ins2,12,0.8378977460176227,6.66969667501096e-4,5,8.710801393728223e-4,0.03828405891456291,TRUE,TRUE
Colon,Kidney,Colon_Glp1r,Kidney_Mafa,Glp1r,Mafa,12,-0.8243894419416963,9.715624721881241e-4,6,0.001045296167247387,0.043082658790870504,TRUE,TRUE
Colon,Pancreas,Colon_Zfand6,Pancreas_Zfand6,Zfand6,Zfand6,12,-0.8214252571616046,0.0010507965558748903,7,0.0012195121951219514,0.043082658790870504,TRUE,TRUE
Colon,Kidney,Colon_Insr,Kidney_Mafa,Insr,Mafa,12,-0.8042677282314111,0.0016120140416398566,8,0.0013937282229965157,0.05158483695975195,TRUE,FALSE
Liver,Pancreas,Liver_Zfand6,Pancreas_Ins2,Zfand6,Ins2,12,0.8041208726109256,0.0016176429708633015,9,0.0015679442508710801,0.05158483695975195,TRUE,FALSE
Liver,Spleen,Liver_Tbc1d4,Spleen_Tcf19,Tbc1d4,Tcf19,12,0.7936792901450435,0.002058157919080347,10,0.0017421602787456446,0.05906913227760596,TRUE,FALSE
Pancreas,Spleen,Pancreas_Ins2,Spleen_Tcf19,Ins2,Tcf19,12,0.7770353636121183,0.0029433268639284605,11,0.001916376306620209,0.07665183781340087,TRUE,FALSE
Liver,Spleen,Liver_Zfand6,Spleen_Tcf19,Zfand6,Tcf19,12,0.7728603489235858,0.00320495489115265,12,0.002090592334494774,0.07665183781340087,TRUE,FALSE
Colon,Kidney,Colon_Zfand6,Kidney_Mafa,Zfand6,Mafa,12,-0.7681409268344853,0.0035215916344116015,13,0.002264808362369338,0.07774590762124074,TRUE,FALSE
Liver,Spleen,Liver_Glut1,Spleen_Tcf19,Glut1,Tcf19,12,0.7581446923251335,0.004270258111387895,14,0.002439024390243903,0.0855154572839712,TRUE,FALSE
Colon,Spleen,Colon_Zfand6,Spleen_Mafa,Zfand6,Mafa,12,0.7557113718487731,0.004469448986967136,15,0.002613240418118467,0.0855154572839712,TRUE,FALSE
Colon,Kidney,Colon_Tcf19,Kidney_Mafa,Tcf19,Mafa,12,-0.7511185880861394,0.004864479605917142,16,0.0027874564459930314,0.08725660293113872,TRUE,FALSE
Colon,Spleen,Colon_Mafa,Spleen_Mafa,Mafa,Mafa,12,0.7322302996134685,0.006772386554268327,17,0.002961672473867596,0.10701521590026643,TRUE,FALSE
Colon,Kidney,Colon_Glp1r,Kidney_Zfand6,Glp1r,Zfand6,12,-0.7305907559325736,0.006961092104389204,18,0.0031358885017421603,0.10701521590026643,TRUE,FALSE
Pancreas,Spleen,Pancreas_Srr,Spleen_Mafa,Srr,Mafa,12,0.7289355746121121,0.007155572519238652,19,0.003310104529616725,0.10701521590026643,TRUE,FALSE
Colon,Spleen,Colon_Zfand6,Spleen_Insr,Zfand6,Insr,12,0.7264314975149936,0.00745750633451334,20,0.003484320557491289,0.10701521590026643,TRUE,FALSE
Colon,Kidney,Colon_Insr,Kidney_Zfand6,Insr,Zfand6,12,-0.714564909505685,0.009019984157822897,21,0.0036585365853658534,0.12327311682357958,TRUE,FALSE
Kidney,Spleen,Kidney_Glut1,Spleen_Tcf19,Glut1,Tcf19,12,0.6987939868289541,0.01145944526319609,22,0.003832752613240418,0.149493672297149,TRUE,FALSE
Colon,Kidney,Colon_Mafa,Kidney_Insr,Mafa,Insr,12,-0.6921425701280514,0.012622930497744681,23,0.004006968641114983,0.151066040966395,TRUE,FALSE
Colon,Kidney,Colon_Zfand6,Kidney_Zfand6,Zfand6,Zfand6,12,-0.6878401737923805,0.013420680556546001,24,0.004181184668989548,0.151066040966395,TRUE,FALSE
Colon,Pancreas,Colon_Insr,Pancreas_Zfand6,Insr,Zfand6,12,-0.6853828950809778,0.0138926941377712,25,0.004355400696864112,0.151066040966395,TRUE,FALSE
Colon,Kidney,Colon_Zfand6,Kidney_Insr,Zfand6,Insr,12,-0.6819656569997933,0.014569337319763462,26,0.004529616724738676,0.151066040966395,TRUE,FALSE
Colon,Pancreas,Colon_Glp1r,Pancreas_Zfand6,Glp1r,Zfand6,12,-0.6812691961319847,0.014710170117745301,27,0.004703832752613241,0.151066040966395,TRUE,FALSE
Colon,Kidney,Colon_Mafa,Kidney_Zfand6,Mafa,Zfand6,12,-0.6811314114014493,0.014738150338184878,28,0.004878048780487806,0.151066040966395,TRUE,FALSE
Liver,Spleen,Liver_Tcf19,Spleen_Tcf19,Tcf19,Tcf19,12,0.6722216581156759,0.01663223125918432,29,0.00505226480836237,0.16460173694434138,TRUE,FALSE
Colon,Kidney,Colon_Mafa,Kidney_Mafa,Mafa,Mafa,12,-0.6682406307718429,0.01753392036204998,30,0.005226480836236934,0.16774117146361148,TRUE,FALSE
Kidney,Pancreas,Kidney_Glut1,Pancreas_Ins2,Glut1,Ins2,12,0.6509597381318849,0.02186817957407572,31,0.0054006968641114985,0.2024570173470881,TRUE,FALSE
Colon,Kidney,Colon_Tcf19,Kidney_Zfand6,Tcf19,Zfand6,12,-0.6468738285516595,0.02299755571763575,32,0.005574912891986063,0.2062593278425456,TRUE,FALSE
Colon,Kidney,Colon_Glp1r,Kidney_Insr,Glp1r,Insr,12,-0.636846236295534,0.025948304489735285,33,0.005749128919860628,0.22567161783497053,TRUE,FALSE
Colon,Spleen,Colon_Mafa,Spleen_Insr,Mafa,Insr,12,0.6247402705400156,0.0298646285909037,34,0.005923344947735192,0.24754714900374564,TRUE,FALSE
Colon,Pancreas,Colon_Tcf19,Pancreas_Zfand6,Tcf19,Zfand6,12,-0.6234896926633562,0.030292092576156213,35,0.006097560975609756,0.24754714900374564,TRUE,FALSE
Kidney,Spleen,Kidney_Mafa,Spleen_Mafa,Mafa,Mafa,12,-0.6197774241346761,0.03158691537527054,36,0.0062717770034843206,0.24754714900374564,TRUE,FALSE
Kidney,Spleen,Kidney_Mafa,Spleen_Insr,Mafa,Insr,12,-0.6169402760659696,0.032602948340358796,37,0.006445993031358885,0.24754714900374564,TRUE,FALSE
Pancreas,Spleen,Pancreas_Srr,Spleen_Glut1,Srr,Glut1,12,0.6164626334419628,0.03277627756844019,38,0.00662020905923345,0.24754714900374564,TRUE,FALSE
Colon,Spleen,Colon_Insr,Spleen_Insr,Insr,Insr,12,0.6123949463204071,0.03427925426704973,39,0.006794425087108014,0.25226015319598133,TRUE,FALSE
Colon,Pancreas,Colon_Mafa,Pancreas_Srr,Mafa,Srr,12,0.6071375963878599,0.03629406487180261,40,0.006968641114982578,0.2604099154551837,TRUE,FALSE
Colon,Spleen,Colon_Glp1r,Spleen_Insr,Glp1r,Insr,12,0.6013175464298538,0.038621578688474906,41,0.007142857142857143,0.2703510508193243,TRUE,FALSE
Liver,Spleen,Liver_Tcf19,Spleen_Glut1,Tcf19,Glut1,12,-0.5923670564023295,0.042405456741415395,42,0.007317073170731707,0.2897706210663385,TRUE,FALSE
Colon,Spleen,Colon_Zfand6,Spleen_Glut1,Zfand6,Glut1,12,0.5885398991660085,0.044100890936168466,43,0.007491289198606272,0.29434780694605467,TRUE,FALSE
Colon,Pancreas,Colon_Mafa,Pancreas_Tbc1d4,Mafa,Tbc1d4,12,-0.5809509929378239,0.047603585448750554,44,0.007665505226480836,0.30455725931966604,TRUE,FALSE
Colon,Spleen,Colon_Mafa,Spleen_Glut1,Mafa,Glut1,12,0.578642476559876,0.0487068469202508,45,0.0078397212543554,0.30455725931966604,TRUE,FALSE
Colon,Pancreas,Colon_Zfand6,Pancreas_Srr,Zfand6,Srr,12,0.5784201175000319,0.04881405550071302,46,0.008013937282229966,0.30455725931966604,TRUE,FALSE
Liver,Spleen,Liver_Ghrhr,Spleen_Glut1,Ghrhr,Glut1,12,-0.573442368029264,0.051257702148671216,47,0.008188153310104529,0.31299915992912,FALSE,FALSE
Colon,Spleen,Colon_Insr,Spleen_Mafa,Insr,Mafa,12,0.5624698600458733,0.056944939194217614,48,0.008362369337979096,0.3141962237605946,FALSE,FALSE
Colon,Kidney,Colon_Tcf19,Kidney_Insr,Tcf19,Insr,12,-0.5600755742020248,0.05824203592809251,49,0.00853658536585366,0.3141962237605946,FALSE,FALSE
Liver,Pancreas,Liver_Glut1,Pancreas_Srr,Glut1,Srr,12,-0.5600505862454929,0.05825568055301459,50,0.008710801393728224,0.3141962237605946,FALSE,FALSE
Liver,Spleen,Liver_Ghrhr,Spleen_Tcf19,Ghrhr,Tcf19,12,0.5588656210987694,0.05890528709123759,51,0.008885017421602788,0.3141962237605946,FALSE,FALSE
Pancreas,Spleen,Pancreas_Ins2,Spleen_Glut1,Ins2,Glut1,12,-0.5574430292914587,0.05969180013183244,52,0.009059233449477353,0.3141962237605946,FALSE,FALSE
Liver,Spleen,Liver_Zfand6,Spleen_Glut1,Zfand6,Glut1,12,-0.555890649076723,0.06055836904316104,53,0.009233449477351918,0.3141962237605946,FALSE,FALSE
Kidney,Pancreas,Kidney_Zfand6,Pancreas_Ins1,Zfand6,Ins1,6,0.7905486120881844,0.0612105218122761,54,0.009407665505226481,0.3141962237605946,FALSE,FALSE
Liver,Pancreas,Liver_Zfand6,Pancreas_Srr,Zfand6,Srr,12,-0.5524105279186806,0.06253271986843337,55,0.009581881533101046,0.3141962237605946,FALSE,FALSE
Colon,Spleen,Colon_Tcf19,Spleen_Insr,Tcf19,Insr,12,0.5502683417135416,0.06376997218237129,56,0.009756097560975611,0.3141962237605946,FALSE,FALSE
Liver,Spleen,Liver_Tbc1d4,Spleen_Glut1,Tbc1d4,Glut1,12,-0.55026743744275,0.06377049800791723,57,0.009930313588850175,0.3141962237605946,FALSE,FALSE
Kidney,Spleen,Kidney_Zfand6,Spleen_Mafa,Zfand6,Mafa,12,-0.5496115434990575,0.06415268592503207,58,0.01010452961672474,0.3141962237605946,FALSE,FALSE
Colon,Spleen,Colon_Glp1r,Spleen_Mafa,Glp1r,Mafa,12,0.5488628857401548,0.06459086133057519,59,0.010278745644599303,0.3141962237605946,FALSE,FALSE
Liver,Pancreas,Liver_Tcf19,Pancreas_Srr,Tcf19,Srr,12,-0.5425988468819668,0.06833848485354022,60,0.010452961672473868,0.32688575254943403,FALSE,FALSE
Kidney,Pancreas,Kidney_Insr,Pancreas_Zfand6,Insr,Zfand6,12,0.5377531581569591,0.07133841472366123,61,0.010627177700348434,0.3350261258642784,FALSE,FALSE
Colon,Kidney,Colon_Insr,Kidney_Insr,Insr,Insr,12,-0.532920493778154,0.07441920112495722,62,0.010801393728222997,0.3350261258642784,FALSE,FALSE
Colon,Pancreas,Colon_Mafa,Pancreas_Mafa,Mafa,Mafa,12,0.532526419078307,0.07467437153946856,63,0.010975609756097562,0.3350261258642784,FALSE,FALSE
Colon,Pancreas,Colon_Zfand6,Pancreas_Tbc1d4,Zfand6,Tbc1d4,12,-0.5308981007446839,0.07573509099116289,64,0.011149825783972125,0.3350261258642784,FALSE,FALSE
Liver,Pancreas,Liver_Ghrhr,Pancreas_Srr,Ghrhr,Srr,12,-0.5306814458262963,0.075876997146962,65,0.01132404181184669,0.3350261258642784,FALSE,FALSE
Colon,Pancreas,Colon_Insr,Pancreas_Tbc1d4,Insr,Tbc1d4,12,-0.5280689175645202,0.07760251267617894,66,0.011498257839721256,0.33745335057671755,FALSE,FALSE
Liver,Spleen,Liver_Glut1,Spleen_Glut1,Glut1,Glut1,12,-0.514502206687277,0.08699476063868723,67,0.011672473867595819,0.36925711633157626,FALSE,FALSE
Kidney,Pancreas,Kidney_Insr,Pancreas_Ins1,Insr,Ins1,6,0.7474087649540646,0.08764554311091854,68,0.011846689895470384,0.36925711633157626,FALSE,FALSE
Kidney,Liver,Kidney_Insr,Liver_Tcf19,Insr,Tcf19,12,0.5120427856218748,0.08877610113895039,69,0.012020905923344948,0.36925711633157626,FALSE,FALSE
Pancreas,Spleen,Pancreas_Zfand6,Spleen_Mafa,Zfand6,Mafa,12,-0.5066435937950808,0.09277277714806467,70,0.012195121951219513,0.37796189456513696,FALSE,FALSE
Colon,Spleen,Colon_Tcf19,Spleen_Mafa,Tcf19,Mafa,12,0.5039390809428012,0.09481955847919894,71,0.012369337979094078,0.37796189456513696,FALSE,FALSE
Pancreas,Spleen,Pancreas_Zfand6,Spleen_Tcf19,Zfand6,Tcf19,12,0.503938883842644,0.09481970874107966,72,0.012543554006968641,0.37796189456513696,FALSE,FALSE
Kidney,Pancreas,Kidney_Glut1,Pancreas_Insr,Glut1,Insr,11,0.5250236292135665,0.09724932135225033,73,0.012717770034843208,0.3802049240449388,FALSE,FALSE
Kidney,Pancreas,Kidney_Mafa,Pancreas_Tbc1d4,Mafa,Tbc1d4,12,0.499772415787279,0.09803193163528037,74,0.01289198606271777,0.3802049240449388,FALSE,FALSE
Kidney,Pancreas,Kidney_Mafa,Pancreas_Zfand6,Mafa,Zfand6,12,0.49354802041039597,0.10296529181561334,75,0.013066202090592336,0.3940138500144137,FALSE,FALSE
Colon,Pancreas,Colon_Insr,Pancreas_Mafa,Insr,Mafa,12,0.4882769108896833,0.10727041770720876,76,0.0132404181184669,0.4012896830110467,FALSE,FALSE
Liver,Spleen,Liver_Tcf19,Spleen_Mafa,Tcf19,Mafa,12,-0.48636258977351704,0.10886306536445474,77,0.013414634146341465,0.4012896830110467,FALSE,FALSE
Liver,Pancreas,Liver_Tbc1d4,Pancreas_Srr,Tbc1d4,Srr,12,-0.48612561196284304,0.10906130757791514,78,0.013588850174216028,0.4012896830110467,FALSE,FALSE
Pancreas,Spleen,Pancreas_Srr,Spleen_Tcf19,Srr,Tcf19,12,-0.4804840972555292,0.11385158303117904,79,0.013763066202090593,0.41199581972734395,FALSE,FALSE
Colon,Pancreas,Colon_Glp1r,Pancreas_Tbc1d4,Glp1r,Tbc1d4,12,-0.47853925747687226,0.11553465437737463,80,0.013937282229965157,0.41199581972734395,FALSE,FALSE
Kidney,Liver,Kidney_Glut1,Liver_Tbc1d4,Glut1,Tbc1d4,12,0.4769548356085224,0.11691788882417901,81,0.014111498257839722,0.41199581972734395,FALSE,FALSE
Colon,Liver,Colon_Mafa,Liver_Tcf19,Mafa,Tcf19,12,-0.4760495591907141,0.1177130913506697,82,0.014285714285714285,0.41199581972734395,FALSE,FALSE
Kidney,Liver,Kidney_Glut1,Liver_Tcf19,Glut1,Tcf19,12,0.4720732328000578,0.12124807394842109,83,0.014459930313588852,0.4146343272449898,FALSE,FALSE
Colon,Pancreas,Colon_Mafa,Pancreas_Ins1,Mafa,Ins1,6,-0.7001877759008374,0.12135638846194823,84,0.014634146341463414,0.4146343272449898,FALSE,FALSE
Pancreas,Spleen,Pancreas_Srr,Spleen_Insr,Srr,Insr,12,0.46908126613877654,0.12395340415714405,85,0.01480836236933798,0.41852502344823933,FALSE,FALSE
Kidney,Pancreas,Kidney_Glut1,Pancreas_Srr,Glut1,Srr,12,-0.4650480850047182,0.12766230661502492,86,0.014982578397212544,0.4260358371920018,FALSE,FALSE
Liver,Spleen,Liver_Ghrhr,Spleen_Mafa,Ghrhr,Mafa,12,-0.45704906794405153,0.13523066365057224,87,0.015156794425087109,0.4461057525024624,FALSE,FALSE
Kidney,Spleen,Kidney_Mafa,Spleen_Zfand6,Mafa,Zfand6,12,-0.4518693649760692,0.14028336086807452,88,0.015331010452961672,0.4564986199883669,FALSE,FALSE
Colon,Kidney,Colon_Mafa,Kidney_Glut1,Mafa,Glut1,12,-0.4499019627069785,0.14223400485260135,89,0.015505226480836238,0.4564986199883669,FALSE,FALSE
Liver,Spleen,Liver_Zfand6,Spleen_Mafa,Zfand6,Mafa,12,-0.44714516578034497,0.14499659311615593,90,0.0156794425087108,0.4564986199883669,FALSE,FALSE
Colon,Pancreas,Colon_Glp1r,Pancreas_Ins1,Glp1r,Ins1,6,-0.6685916518373941,0.1465477029736977,91,0.015853658536585366,0.4564986199883669,FALSE,FALSE
Pancreas,Spleen,Pancreas_Zfand6,Spleen_Insr,Zfand6,Insr,12,-0.43919719607113417,0.15315340231310723,92,0.01602787456445993,0.4564986199883669,FALSE,FALSE
Liver,Spleen,Liver_Tbc1d4,Spleen_Mafa,Tbc1d4,Mafa,12,-0.4376802622575179,0.1547427593030989,93,0.016202090592334496,0.4564986199883669,FALSE,FALSE
Colon,Pancreas,Colon_Glp1r,Pancreas_Glut1,Glp1r,Glut1,10,0.4845830612879262,0.15578091218376638,94,0.016376306620209058,0.4564986199883669,FALSE,FALSE
Kidney,Pancreas,Kidney_Mafa,Pancreas_Ins1,Mafa,Ins1,6,0.6544986900602245,0.15843528751500405,95,0.016550522648083623,0.4564986199883669,FALSE,FALSE
Colon,Liver,Colon_Mafa,Liver_Ghrhr,Mafa,Ghrhr,12,-0.43189598098697496,0.16089946763330504,96,0.01672473867595819,0.4564986199883669,FALSE,FALSE
Kidney,Liver,Kidney_Glut1,Liver_Ghrhr,Glut1,Ghrhr,12,0.4293224964887106,0.1636878243798414,97,0.016898954703832753,0.4564986199883669,FALSE,FALSE
Colon,Pancreas,Colon_Zfand6,Pancreas_Glut1,Zfand6,Glut1,10,0.4758604187343067,0.16447117561395935,98,0.01707317073170732,0.4564986199883669,FALSE,FALSE
Pancreas,Spleen,Pancreas_Tbc1d4,Spleen_Mafa,Tbc1d4,Mafa,12,-0.42823061841293797,0.16488004370420112,99,0.017247386759581883,0.4564986199883669,FALSE,FALSE
Liver,Pancreas,Liver_Glut1,Pancreas_Zfand6,Glut1,Zfand6,12,0.4259904924759061,0.16734317223637715,100,0.01742160278745645,0.4564986199883669,FALSE,FALSE
Kidney,Liver,Kidney_Insr,Liver_Glut1,Insr,Glut1,12,0.42484355762486864,0.1686132145498538,101,0.01759581881533101,0.4564986199883669,FALSE,FALSE
Liver,Spleen,Liver_Glut1,Spleen_Mafa,Glut1,Mafa,12,-0.4228520616629149,0.17083285887608576,102,0.017770034843205575,0.4564986199883669,FALSE,FALSE
Colon,Pancreas,Colon_Tcf19,Pancreas_Glut1,Tcf19,Glut1,10,0.4677562853598284,0.17280001242923904,103,0.01794425087108014,0.4564986199883669,FALSE,FALSE
Kidney,Pancreas,Kidney_Insr,Pancreas_Glut1,Insr,Glut1,10,-0.4674754918653846,0.17309299890685043,104,0.018118466898954706,0.4564986199883669,FALSE,FALSE
Liver,Pancreas,Liver_Tcf19,Pancreas_Ins1,Tcf19,Ins1,6,0.6359709461818585,0.17465568130266013,105,0.018292682926829267,0.4564986199883669,FALSE,FALSE
Kidney,Pancreas,Kidney_Insr,Pancreas_Srr,Insr,Srr,12,-0.4182854559549953,0.17599169613161836,106,0.018466898954703836,0.4564986199883669,FALSE,FALSE
Colon,Pancreas,Colon_Tcf19,Pancreas_Tbc1d4,Tcf19,Tbc1d4,12,-0.41812443903808105,0.17617535342153837,107,0.018641114982578397,0.4564986199883669,FALSE,FALSE
Kidney,Pancreas,Kidney_Mafa,Pancreas_Srr,Mafa,Srr,12,-0.41782458813200524,0.1765176855526574,108,0.018815331010452963,0.4564986199883669,FALSE,FALSE
Liver,Pancreas,Liver_Ghrhr,Pancreas_Ins1,Ghrhr,Ins1,6,0.6334365551740231,0.1769258010208596,109,0.018989547038327528,0.4564986199883669,FALSE,FALSE
Kidney,Liver,Kidney_Glut1,Liver_Glut1,Glut1,Glut1,12,0.4151166565251774,0.17962811100073509,110,0.019163763066202093,0.4564986199883669,FALSE,FALSE
Colon,Liver,Colon_Mafa,Liver_Glut1,Mafa,Glut1,12,-0.41321958651162244,0.18182738970969337,111,0.019337979094076654,0.4564986199883669,FALSE,FALSE
Pancreas,Spleen,Pancreas_Tbc1d4,Spleen_Insr,Tbc1d4,Insr,12,-0.4105270984409617,0.1849774659855845,112,0.019512195121951223,0.4564986199883669,FALSE,FALSE
Colon,Liver,Colon_Mafa,Liver_Tbc1d4,Mafa,Tbc1d4,12,-0.4092885412089803,0.18643782298038417,113,0.019686411149825785,0.4564986199883669,FALSE,FALSE
Liver,Spleen,Liver_Zfand6,Spleen_Zfand6,Zfand6,Zfand6,12,0.4081586285478808,0.1877762998533596,114,0.01986062717770035,0.4564986199883669,FALSE,FALSE
Liver,Spleen,Liver_Tbc1d4,Spleen_Zfand6,Tbc1d4,Zfand6,12,0.4070746101515211,0.18906599267660368,115,0.020034843205574915,0.4564986199883669,FALSE,FALSE
Kidney,Liver,Kidney_Insr,Liver_Zfand6,Insr,Zfand6,12,0.40455026206572,0.19209049401853534,116,0.02020905923344948,0.4564986199883669,FALSE,FALSE
Liver,Pancreas,Liver_Zfand6,Pancreas_Zfand6,Zfand6,Zfand6,12,0.4042007646128123,0.19251157707980565,117,0.02038327526132404,0.4564986199883669,FALSE,FALSE
Pancreas,Spleen,Pancreas_Insr,Spleen_Tcf19,Insr,Tcf19,11,0.42129090763963933,0.19689679281321704,118,0.020557491289198607,0.4564986199883669,FALSE,FALSE
Kidney,Liver,Kidney_Insr,Liver_Ghrhr,Insr,Ghrhr,12,0.4005423583034451,0.1969534926135062,119,0.020731707317073172,0.4564986199883669,FALSE,FALSE
Kidney,Pancreas,Kidney_Glut1,Pancreas_Zfand6,Glut1,Zfand6,12,0.3990543546469787,0.1987780405362869,120,0.020905923344947737,0.4564986199883669,FALSE,FALSE
Kidney,Spleen,Kidney_Zfand6,Spleen_Insr,Zfand6,Insr,12,-0.3989967054164809,0.1988489363759323,121,0.0210801393728223,0.4564986199883669,FALSE,FALSE
Kidney,Pancreas,Kidney_Mafa,Pancreas_Glut1,Mafa,Glut1,10,-0.44366053945484396,0.19901866257068684,122,0.021254355400696867,0.4564986199883669,FALSE,FALSE
Colon,Pancreas,Colon_Mafa,Pancreas_Glut1,Mafa,Glut1,10,0.44350803912274345,0.19919154204926473,123,0.02142857142857143,0.4564986199883669,FALSE,FALSE
Colon,Kidney,Colon_Zfand6,Kidney_Glut1,Zfand6,Glut1,12,-0.39832245038318187,0.19967927354474627,124,0.021602787456445994,0.4564986199883669,FALSE,FALSE
Colon,Liver,Colon_Mafa,Liver_Zfand6,Mafa,Zfand6,12,-0.39782515301674126,0.20029304985698188,125,0.02177700348432056,0.4564986199883669,FALSE,FALSE
Kidney,Spleen,Kidney_Insr,Spleen_Mafa,Insr,Mafa,12,-0.39758025605388975,0.2005957320408962,126,0.021951219512195124,0.4564986199883669,FALSE,FALSE
Liver,Pancreas,Liver_Tbc1d4,Pancreas_Zfand6,Tbc1d4,Zfand6,12,0.3961919356712125,0.2023169333415965,127,0.022125435540069686,0.4564986199883669,FALSE,FALSE
Liver,Pancreas,Liver_Tcf19,Pancreas_Zfand6,Tcf19,Zfand6,12,0.3951655545497448,0.20359520333975945,128,0.02229965156794425,0.4564986199883669,FALSE,FALSE
Liver,Spleen,Liver_Glut1,Spleen_Zfand6,Glut1,Zfand6,12,0.39388624002085837,0.205195374984403,129,0.02247386759581882,0.45651994279475705,FALSE,FALSE
Kidney,Liver,Kidney_Glut1,Liver_Zfand6,Glut1,Zfand6,12,0.3918707485518644,0.207731887527956,130,0.02264808362369338,0.45683641540349224,FALSE,FALSE
Colon,Pancreas,Colon_Insr,Pancreas_Glut1,Insr,Glut1,10,0.4353232025492573,0.20859828545590403,131,0.022822299651567946,0.45683641540349224,FALSE,FALSE
Kidney,Liver,Kidney_Insr,Liver_Tbc1d4,Insr,Tbc1d4,12,0.3899923985967536,0.2101129157953344,132,0.02299651567944251,0.45683641540349224,FALSE,FALSE
Pancreas,Spleen,Pancreas_Zfand6,Spleen_Glut1,Zfand6,Glut1,12,-0.38835318776922995,0.2122043008392741,133,0.023170731707317076,0.45730557279117334,FALSE,FALSE
Pancreas,Spleen,Pancreas_Ins2,Spleen_Mafa,Ins2,Mafa,12,-0.3873304799751541,0.21351549391643634,134,0.023344947735191638,0.45730557279117334,FALSE,FALSE
Colon,Pancreas,Colon_Insr,Pancreas_Srr,Insr,Srr,12,0.38426570297969725,0.21747411582445214,135,0.023519163763066203,0.46233386104902047,FALSE,FALSE
Colon,Pancreas,Colon_Zfand6,Pancreas_Ins1,Zfand6,Ins1,6,-0.5879041914915981,0.21974276903288584,136,0.023693379790940768,0.46372187288557526,FALSE,FALSE
Colon,Pancreas,Colon_Zfand6,Pancreas_Mafa,Zfand6,Mafa,12,0.38010083941947914,0.22292419264591143,137,0.023867595818815333,0.4670017758348656,FALSE,FALSE
Colon,Spleen,Colon_Tcf19,Spleen_Zfand6,Tcf19,Zfand6,12,0.374503047296881,0.23037741386375885,138,0.024041811846689895,0.4763063086046214,FALSE,FALSE
Liver,Pancreas,Liver_Tbc1d4,Pancreas_Ins1,Tbc1d4,Ins1,6,0.5758463756388013,0.2317054916166774,139,0.024216027874564464,0.4763063086046214,FALSE,FALSE
Liver,Pancreas,Liver_Ghrhr,Pancreas_Mafa,Ghrhr,Mafa,12,-0.3730437447367586,0.23234454078274216,140,0.024390243902439025,0.4763063086046214,FALSE,FALSE
Colon,Spleen,Colon_Insr,Spleen_Zfand6,Insr,Zfand6,12,0.3693319915130346,0.2373929096510307,141,0.02456445993031359,0.4832040075875589,FALSE,FALSE
Pancreas,Spleen,Pancreas_Mafa,Spleen_Insr,Mafa,Insr,12,0.3642730673512516,0.24437745667955693,142,0.024738675958188155,0.49391781737347074,FALSE,FALSE
Colon,Spleen,Colon_Glp1r,Spleen_Zfand6,Glp1r,Zfand6,12,0.36221041204652543,0.247259609662809,143,0.02491289198606272,0.4962483075050782,FALSE,FALSE
Colon,Pancreas,Colon_Insr,Pancreas_Ins1,Insr,Ins1,6,-0.5583891907534232,0.24946866666388684,144,0.025087108013937282,0.4972049120314967,FALSE,FALSE
Kidney,Spleen,Kidney_Glut1,Spleen_Zfand6,Glut1,Zfand6,12,0.3531160337148836,0.26020428981068944,145,0.025261324041811847,0.511930515422008,FALSE,FALSE
Liver,Pancreas,Liver_Glut1,Pancreas_Ins1,Glut1,Ins1,6,0.5478653969090728,0.260424582758234,146,0.025435540069686416,0.511930515422008,FALSE,FALSE
Kidney,Pancreas,Kidney_Zfand6,Pancreas_Srr,Zfand6,Srr,12,-0.350243252266571,0.2643735278294112,147,0.025609756097560978,0.5144968747814782,FALSE,FALSE
Kidney,Pancreas,Kidney_Mafa,Pancreas_Insr,Mafa,Insr,11,-0.36599425799412827,0.26830745938222056,148,0.02578397212543554,0.5144968747814782,FALSE,FALSE
Kidney,Pancreas,Kidney_Zfand6,Pancreas_Zfand6,Zfand6,Zfand6,12,0.3466750471909046,0.26960552874664523,149,0.025958188153310104,0.5144968747814782,FALSE,FALSE
Liver,Pancreas,Liver_Ghrhr,Pancreas_Zfand6,Ghrhr,Zfand6,12,0.3458192347229636,0.27086919606013227,150,0.026132404181184673,0.5144968747814782,FALSE,FALSE
Colon,Spleen,Colon_Mafa,Spleen_Tcf19,Mafa,Tcf19,12,-0.3451987315366269,0.2717875408261038,151,0.026306620209059235,0.5144968747814782,FALSE,FALSE
Kidney,Spleen,Kidney_Mafa,Spleen_Glut1,Mafa,Glut1,12,-0.3436556327144883,0.2740790792263157,152,0.0264808362369338,0.5144968747814782,FALSE,FALSE
Kidney,Spleen,Kidney_Zfand6,Spleen_Glut1,Zfand6,Glut1,12,-0.34352147977784897,0.2742788217476173,153,0.02665505226480836,0.5144968747814782,FALSE,FALSE
Colon,Pancreas,Colon_Mafa,Pancreas_Ins2,Mafa,Ins2,12,-0.3400984983479955,0.27940358681816063,154,0.02682926829268293,0.5207066845247539,FALSE,FALSE
Colon,Pancreas,Colon_Glp1r,Pancreas_Srr,Glp1r,Srr,12,0.334404469923571,0.28804861486640304,155,0.02700348432055749,0.5325670883837689,FALSE,FALSE
Colon,Liver,Colon_Zfand6,Liver_Tcf19,Zfand6,Tcf19,12,-0.33347176610165236,0.28947897487062,156,0.027177700348432057,0.5325670883837689,FALSE,FALSE
Kidney,Pancreas,Kidney_Mafa,Pancreas_Ins2,Mafa,Ins2,12,-0.33212977996146664,0.2915440298668044,157,0.027351916376306618,0.5329499144698908,FALSE,FALSE
Kidney,Pancreas,Kidney_Zfand6,Pancreas_Glut1,Zfand6,Glut1,10,-0.36689790823648527,0.2970041018782239,158,0.027526132404181187,0.5394947926522168,FALSE,FALSE
Pancreas,Spleen,Pancreas_Mafa,Spleen_Mafa,Mafa,Mafa,12,0.32587637265920144,0.30127601948367805,159,0.027700348432055752,0.54167604276807,FALSE,FALSE
Colon,Pancreas,Colon_Tcf19,Pancreas_Ins1,Tcf19,Ins1,6,-0.5094108123176005,0.30197967541077075,160,0.027874564459930314,0.54167604276807,FALSE,FALSE
Pancreas,Spleen,Pancreas_Mafa,Spleen_Glut1,Mafa,Glut1,12,0.3207524974377345,0.3093837201483273,161,0.028048780487804882,0.5515101098296269,FALSE,FALSE
Kidney,Spleen,Kidney_Glut1,Spleen_Glut1,Glut1,Glut1,12,-0.31739566704939304,0.3147602939233774,162,0.028222996515679444,0.555273525539961,FALSE,FALSE
Colon,Spleen,Colon_Insr,Spleen_Glut1,Insr,Glut1,12,0.31702048137265265,0.31536440649133674,163,0.02839721254355401,0.555273525539961,FALSE,FALSE
Colon,Liver,Colon_Zfand6,Liver_Ghrhr,Zfand6,Ghrhr,12,-0.30697907624497495,0.33176950055103216,164,0.02857142857142857,0.5801004039959229,FALSE,FALSE
Kidney,Spleen,Kidney_Insr,Spleen_Insr,Insr,Insr,12,-0.30492811002211595,0.3351761218383871,165,0.02874564459930314,0.5801004039959229,FALSE,FALSE
Colon,Pancreas,Colon_Tcf19,Pancreas_Srr,Tcf19,Srr,12,0.30471663150050926,0.33552845666663134,166,0.028919860627177704,0.5801004039959229,FALSE,FALSE
Colon,Spleen,Colon_Glp1r,Spleen_Glut1,Glp1r,Glut1,12,0.29808191444385634,0.3466836873574397,167,0.029094076655052266,0.5923704683976755,FALSE,FALSE
Pancreas,Spleen,Pancreas_Ins2,Spleen_Zfand6,Ins2,Zfand6,12,0.2980407887547349,0.34675344491571247,168,0.029268292682926828,0.5923704683976755,FALSE,FALSE
Kidney,Pancreas,Kidney_Zfand6,Pancreas_Insr,Zfand6,Insr,11,-0.31110655653540054,0.3517342034180714,169,0.029442508710801396,0.5973237655679674,FALSE,FALSE
Kidney,Spleen,Kidney_Insr,Spleen_Glut1,Insr,Glut1,12,-0.2920316330495279,0.3570266623082733,170,0.02961672473867596,0.6027450122498497,FALSE,FALSE
Liver,Spleen,Liver_Ghrhr,Spleen_Insr,Ghrhr,Insr,12,-0.2854982581235821,0.36837631511899793,171,0.029790940766550523,0.6182690201120024,FALSE,FALSE
Liver,Pancreas,Liver_Zfand6,Pancreas_Ins1,Zfand6,Ins1,6,0.4447306438152279,0.376884636308616,172,0.029965156794425088,0.6288714570963535,FALSE,FALSE
Colon,Kidney,Colon_Insr,Kidney_Glut1,Insr,Glut1,12,-0.2778795470268654,0.3818460324686921,173,0.030139372822299657,0.6334671174480614,FALSE,FALSE
Kidney,Spleen,Kidney_Zfand6,Spleen_Zfand6,Zfand6,Zfand6,12,-0.2730390453147813,0.39053376953487906,174,0.030313588850174218,0.6441562750374155,FALSE,FALSE
Kidney,Spleen,Kidney_Insr,Spleen_Tcf19,Insr,Tcf19,12,0.2699654936497714,0.3961020576926866,175,0.03048780487804878,0.645317689975031,FALSE,FALSE
Colon,Pancreas,Colon_Glp1r,Pancreas_Mafa,Glp1r,Mafa,12,0.26983468316780307,0.3963399336371718,176,0.030662020905923345,0.645317689975031,FALSE,FALSE
Kidney,Pancreas,Kidney_Glut1,Pancreas_Mafa,Glut1,Mafa,12,-0.2684693102241163,0.39882715552421844,177,0.030836236933797914,0.645317689975031,FALSE,FALSE
Colon,Liver,Colon_Zfand6,Liver_Glut1,Zfand6,Glut1,12,-0.2649452564762159,0.40528305289695254,178,0.031010452961672475,0.645317689975031,FALSE,FALSE
Kidney,Pancreas,Kidney_Insr,Pancreas_Insr,Insr,Insr,11,-0.27938221639845195,0.4054012375828763,179,0.03118466898954704,0.645317689975031,FALSE,FALSE
Colon,Liver,Colon_Zfand6,Liver_Tbc1d4,Zfand6,Tbc1d4,12,-0.2648109458222619,0.40553013607706434,180,0.0313588850174216,0.645317689975031,FALSE,FALSE
Liver,Spleen,Liver_Tcf19,Spleen_Zfand6,Tcf19,Zfand6,12,0.2640250812543415,0.40697735848599514,181,0.03153310104529617,0.645317689975031,FALSE,FALSE
Colon,Spleen,Colon_Zfand6,Spleen_Zfand6,Zfand6,Zfand6,12,0.2602209763759006,0.41401933223682974,182,0.03170731707317073,0.650911226110738,FALSE,FALSE
Kidney,Spleen,Kidney_Glut1,Spleen_Mafa,Glut1,Mafa,12,-0.2587588330618178,0.4167419898883368,183,0.031881533101045294,0.650911226110738,FALSE,FALSE
Pancreas,Spleen,Pancreas_Glut1,Spleen_Mafa,Glut1,Mafa,10,0.2894224742578896,0.417308939388069,184,0.03205574912891986,0.650911226110738,FALSE,FALSE
Colon,Spleen,Colon_Tcf19,Spleen_Glut1,Tcf19,Glut1,12,0.24987281701720312,0.43347784236028575,185,0.03222996515679443,0.6724764365264974,FALSE,FALSE
Colon,Liver,Colon_Zfand6,Liver_Zfand6,Zfand6,Zfand6,12,-0.24859615820106967,0.4359087496722609,186,0.03240418118466899,0.6726118879351553,FALSE,FALSE
Colon,Pancreas,Colon_Zfand6,Pancreas_Ins2,Zfand6,Ins2,12,-0.24668404518329837,0.43956195142616306,187,0.032578397212543554,0.6746218184989775,FALSE,FALSE
Colon,Kidney,Colon_Tcf19,Kidney_Glut1,Tcf19,Glut1,12,-0.23704179014336624,0.45820666977827684,188,0.032752613240418116,0.698574320844342,FALSE,FALSE
Liver,Pancreas,Liver_Tcf19,Pancreas_Mafa,Tcf19,Mafa,12,-0.23610547817073932,0.4600367478731032,189,0.032926829268292684,0.698574320844342,FALSE,FALSE
Liver,Spleen,Liver_Tcf19,Spleen_Insr,Tcf19,Insr,12,-0.23324873120880302,0.46564159727597876,190,0.033101045296167246,0.7033638864116101,FALSE,FALSE
Colon,Kidney,Colon_Glp1r,Kidney_Glut1,Glp1r,Glut1,12,-0.23145195340214847,0.4691830678412028,191,0.033275261324041815,0.7050028296880901,FALSE,FALSE
Colon,Spleen,Colon_Zfand6,Spleen_Tcf19,Zfand6,Tcf19,12,-0.22444786562928803,0.4831066715854455,192,0.03344947735191638,0.7221438267969941,FALSE,FALSE
Pancreas,Spleen,Pancreas_Ins1,Spleen_Mafa,Ins1,Mafa,6,-0.35358845787328247,0.4917209758693338,193,0.033623693379790945,0.7268767265580466,FALSE,FALSE
Kidney,Liver,Kidney_Mafa,Liver_Tbc1d4,Mafa,Tbc1d4,12,-0.21965554493235318,0.4927406419562572,194,0.033797909407665506,0.7268767265580466,FALSE,FALSE
Kidney,Liver,Kidney_Mafa,Liver_Ghrhr,Mafa,Ghrhr,12,-0.21909607513566395,0.4938709466160943,195,0.03397212543554007,0.7268767265580466,FALSE,FALSE
Liver,Pancreas,Liver_Ghrhr,Pancreas_Insr,Ghrhr,Insr,11,0.2225352047427889,0.510733226640915,196,0.03414634146341464,0.7478593675813399,FALSE,FALSE
Pancreas,Spleen,Pancreas_Insr,Spleen_Zfand6,Insr,Zfand6,11,0.22027664688870155,0.5151433594897614,197,0.0343205574912892,0.74886500843648,FALSE,FALSE
Kidney,Spleen,Kidney_Mafa,Spleen_Tcf19,Mafa,Tcf19,12,-0.20794561275738446,0.5166385772488608,198,0.03449477351916377,0.74886500843648,FALSE,FALSE
Kidney,Pancreas,Kidney_Insr,Pancreas_Ins2,Insr,Ins2,12,0.20610512045488022,0.5204399195906876,199,0.03466898954703833,0.7505842056408408,FALSE,FALSE
Kidney,Liver,Kidney_Mafa,Liver_Glut1,Mafa,Glut1,12,-0.20325438844972932,0.5263515962025995,200,0.0348432055749129,0.7553145405507303,FALSE,FALSE
Pancreas,Spleen,Pancreas_Glut1,Spleen_Insr,Glut1,Insr,10,0.22021258620171943,0.5409732147707795,201,0.03501742160278746,0.7724343912398693,FALSE,FALSE
Kidney,Pancreas,Kidney_Zfand6,Pancreas_Mafa,Zfand6,Mafa,12,-0.19362814554474195,0.5465238903122565,202,0.03519163763066202,0.7764968144535525,FALSE,FALSE
Pancreas,Spleen,Pancreas_Mafa,Spleen_Zfand6,Mafa,Zfand6,12,0.19088649473142064,0.5523273098709999,203,0.03536585365853658,0.7808765415417585,FALSE,FALSE
Pancreas,Spleen,Pancreas_Ins1,Spleen_Zfand6,Ins1,Zfand6,6,0.30479873715392836,0.556960141582478,204,0.03554006968641115,0.7835664736969176,FALSE,FALSE
Pancreas,Spleen,Pancreas_Tbc1d4,Spleen_Glut1,Tbc1d4,Glut1,12,-0.1873944395184852,0.5597557119803803,205,0.03571428571428572,0.7836579967725325,FALSE,FALSE
Liver,Spleen,Liver_Zfand6,Spleen_Insr,Zfand6,Insr,12,-0.18172694215588148,0.5718975365921148,206,0.03588850174216028,0.7907879715159979,FALSE,FALSE
Pancreas,Spleen,Pancreas_Ins1,Spleen_Tcf19,Ins1,Tcf19,6,0.29385702226025606,0.5719020299874873,207,0.03606271777003484,0.7907879715159979,FALSE,FALSE
Kidney,Liver,Kidney_Mafa,Liver_Zfand6,Mafa,Zfand6,12,-0.1811615152759497,0.5731146274401657,208,0.03623693379790941,0.7907879715159979,FALSE,FALSE
Colon,Pancreas,Colon_Tcf19,Pancreas_Mafa,Tcf19,Mafa,12,0.17447478840529967,0.5875854528429576,209,0.03641114982578397,0.8068757175403293,FALSE,FALSE
Kidney,Liver,Kidney_Zfand6,Liver_Tcf19,Zfand6,Tcf19,12,0.16922592403524478,0.5990428634815026,210,0.036585365853658534,0.8186919134247203,FALSE,FALSE
Kidney,Pancreas,Kidney_Glut1,Pancreas_Ins1,Glut1,Ins1,6,0.26776186753015796,0.6079559820544836,211,0.0367595818815331,0.8267829034927631,FALSE,FALSE
Kidney,Pancreas,Kidney_Glut1,Pancreas_Tbc1d4,Glut1,Tbc1d4,12,-0.1639135041919329,0.6107246534511002,212,0.03693379790940767,0.8267829034927631,FALSE,FALSE
Liver,Pancreas,Liver_Glut1,Pancreas_Mafa,Glut1,Mafa,12,-0.15966065518697697,0.6201370857469801,213,0.03710801393728223,0.835583772814006,FALSE,FALSE
Liver,Spleen,Liver_Ghrhr,Spleen_Zfand6,Ghrhr,Zfand6,12,0.14917432744300071,0.6435678066374027,214,0.037282229965156795,0.8631026191819373,FALSE,FALSE
Liver,Spleen,Liver_Glut1,Spleen_Insr,Glut1,Insr,12,-0.14714974566145544,0.648126874747158,215,0.037456445993031356,0.8651740141973692,FALSE,FALSE
Kidney,Liver,Kidney_Mafa,Liver_Tcf19,Mafa,Tcf19,12,-0.14203835063669476,0.6596861782282284,216,0.037630662020905925,0.8763291768188951,FALSE,FALSE
Liver,Pancreas,Liver_Tbc1d4,Pancreas_Insr,Tbc1d4,Insr,11,0.14808055816602278,0.6639134131836952,217,0.037804878048780494,0.8763291768188951,FALSE,FALSE
Kidney,Pancreas,Kidney_Mafa,Pancreas_Mafa,Mafa,Mafa,12,-0.1386847708660481,0.6673076939815263,218,0.037979094076655055,0.8763291768188951,FALSE,FALSE
Liver,Pancreas,Liver_Glut1,Pancreas_Tbc1d4,Glut1,Tbc1d4,12,0.138074756032325,0.6686971767363694,219,0.03815331010452962,0.8763291768188951,FALSE,FALSE
Liver,Pancreas,Liver_Zfand6,Pancreas_Tbc1d4,Zfand6,Tbc1d4,12,0.13515945891201822,0.6753507172727358,220,0.038327526132404185,0.8810257084421598,FALSE,FALSE
Pancreas,Spleen,Pancreas_Insr,Spleen_Glut1,Insr,Glut1,11,-0.13952270608789447,0.682432357573145,221,0.03850174216027875,0.8862356860791522,FALSE,FALSE
Liver,Spleen,Liver_Tbc1d4,Spleen_Insr,Tbc1d4,Insr,12,-0.12560580953393577,0.697302639673288,222,0.03867595818815331,0.9014678269650164,FALSE,FALSE
Liver,Pancreas,Liver_Zfand6,Pancreas_Mafa,Zfand6,Mafa,12,-0.12183785681449952,0.7060204492063128,223,0.03885017421602788,0.9067583981687765,FALSE,FALSE
Colon,Liver,Colon_Tcf19,Liver_Zfand6,Tcf19,Zfand6,12,0.12060923298117772,0.7088701666699534,224,0.039024390243902446,0.9067583981687765,FALSE,FALSE
Colon,Liver,Colon_Insr,Liver_Zfand6,Insr,Zfand6,12,0.11974648536631327,0.7108733086689014,225,0.03919860627177701,0.9067583981687765,FALSE,FALSE
Pancreas,Spleen,Pancreas_Ins1,Spleen_Insr,Ins1,Insr,6,0.18206956470766025,0.7299133946518577,226,0.03937282229965157,0.9269254171021379,FALSE,FALSE
Liver,Pancreas,Liver_Tbc1d4,Pancreas_Mafa,Tbc1d4,Mafa,12,-0.1077848933510931,0.7388141716034058,227,0.03954703832752614,0.9303859933557098,FALSE,FALSE
Pancreas,Spleen,Pancreas_Ins2,Spleen_Insr,Ins2,Insr,12,-0.10722748379810529,0.7401235960641807,228,0.0397212543554007,0.9303859933557098,FALSE,FALSE
Kidney,Pancreas,Kidney_Zfand6,Pancreas_Tbc1d4,Zfand6,Tbc1d4,12,0.10595343954823591,0.7431188586666271,229,0.03989547038327526,0.9303859933557098,FALSE,FALSE
Kidney,Pancreas,Kidney_Insr,Pancreas_Tbc1d4,Insr,Tbc1d4,12,0.1048967958054753,0.7456054999017884,230,0.04006968641114983,0.9303859933557098,FALSE,FALSE
Pancreas,Spleen,Pancreas_Tbc1d4,Spleen_Tcf19,Tbc1d4,Tcf19,12,0.09363822971180222,0.7722350065814422,231,0.0402439024390244,0.9572624582881841,FALSE,FALSE
Pancreas,Spleen,Pancreas_Zfand6,Spleen_Zfand6,Zfand6,Zfand6,12,0.09297336889479327,0.7738149488601349,232,0.04041811846689896,0.9572624582881841,FALSE,FALSE
Colon,Spleen,Colon_Mafa,Spleen_Zfand6,Mafa,Zfand6,12,0.08994549627649046,0.7810201250185498,233,0.04059233449477352,0.957331184707107,FALSE,FALSE
Colon,Liver,Colon_Insr,Liver_Tbc1d4,Insr,Tbc1d4,12,0.08954119145495944,0.7819834256289563,234,0.04076655052264808,0.957331184707107,FALSE,FALSE
Colon,Spleen,Colon_Insr,Spleen_Tcf19,Insr,Tcf19,12,0.08738941766553342,0.7871149657568239,235,0.04094076655052265,0.957331184707107,FALSE,FALSE
Colon,Spleen,Colon_Tcf19,Spleen_Tcf19,Tcf19,Tcf19,12,0.08692732072012947,0.788217994066333,236,0.04111498257839721,0.957331184707107,FALSE,FALSE
Colon,Pancreas,Colon_Zfand6,Pancreas_Insr,Zfand6,Insr,11,-0.087473990203871907,0.7981498734918129,237,0.04128919860627178,0.957331184707107,FALSE,FALSE
Colon,Liver,Colon_Insr,Liver_Glut1,Insr,Glut1,12,0.08181313869603865,0.8004490253938084,238,0.041463414634146344,0.957331184707107,FALSE,FALSE
Pancreas,Spleen,Pancreas_Tbc1d4,Spleen_Zfand6,Tbc1d4,Zfand6,12,-0.0815484075127604,0.8010832992706407,239,0.04163763066202091,0.957331184707107,FALSE,FALSE
Pancreas,Spleen,Pancreas_Insr,Spleen_Mafa,Insr,Mafa,11,0.08614788902974095,0.8011566416824225,240,0.041811846689895474,0.957331184707107,FALSE,FALSE
Colon,Liver,Colon_Glp1r,Liver_Zfand6,Glp1r,Zfand6,12,0.07925378937958114,0.8065855973220688,241,0.041986062717770035,0.957331184707107,FALSE,FALSE
Colon,Spleen,Colon_Glp1r,Spleen_Tcf19,Glp1r,Tcf19,12,0.0789865295542934,0.8072269919829962,242,0.0421602787456446,0.957331184707107,FALSE,FALSE
Pancreas,Spleen,Pancreas_Ins1,Spleen_Glut1,Ins1,Glut1,6,-0.12396079941799647,0.8150112090365754,243,0.042334494773519166,0.9617781546188412,FALSE,FALSE
Kidney,Liver,Kidney_Zfand6,Liver_Ghrhr,Zfand6,Ghrhr,12,0.07372266598679618,0.8198814598649274,244,0.042508710801393734,0.9617781546188412,FALSE,FALSE
Colon,Liver,Colon_Tcf19,Liver_Glut1,Tcf19,Glut1,12,0.06839968474498408,0.832718269131289,245,0.042682926829268296,0.9617781546188412,FALSE,FALSE
Kidney,Spleen,Kidney_Zfand6,Spleen_Tcf19,Zfand6,Tcf19,12,-0.06489196498413845,0.8411981662135262,246,0.04285714285714286,0.9617781546188412,FALSE,FALSE
Kidney,Pancreas,Kidney_Glut1,Pancreas_Glut1,Glut1,Glut1,10,0.07283101075882716,0.8415245563431986,247,0.043031358885017426,0.9617781546188412,FALSE,FALSE
Colon,Pancreas,Colon_Insr,Pancreas_Insr,Insr,Insr,11,-0.06744514390647544,0.8438040773969105,248,0.04320557491289199,0.9617781546188412,FALSE,FALSE
Liver,Pancreas,Liver_Tcf19,Pancreas_Insr,Tcf19,Insr,11,0.06593336978191175,0.8472693174285018,249,0.04337979094076655,0.9617781546188412,FALSE,FALSE
Colon,Pancreas,Colon_Mafa,Pancreas_Insr,Mafa,Insr,11,-0.06512242108923003,0.8491291524603632,250,0.04355400696864112,0.9617781546188412,FALSE,FALSE
Colon,Liver,Colon_Tcf19,Liver_Tbc1d4,Tcf19,Tbc1d4,12,0.06116667461800415,0.8502210158827307,251,0.04372822299651569,0.9617781546188412,FALSE,FALSE
Liver,Pancreas,Liver_Tbc1d4,Pancreas_Tbc1d4,Tbc1d4,Tbc1d4,12,0.059421414443237563,0.8544538722813748,252,0.04390243902439025,0.9617781546188412,FALSE,FALSE
Liver,Pancreas,Liver_Glut1,Pancreas_Insr,Glut1,Insr,11,0.05842083162808029,0.8645242746434456,253,0.04407665505226481,0.9617781546188412,FALSE,FALSE
Kidney,Pancreas,Kidney_Insr,Pancreas_Mafa,Insr,Mafa,12,-0.05472858766330421,0.8658527942613662,254,0.04425087108013937,0.9617781546188412,FALSE,FALSE
Pancreas,Spleen,Pancreas_Mafa,Spleen_Tcf19,Mafa,Tcf19,12,-0.054446155343925086,0.8665395951171871,255,0.04442508710801394,0.9617781546188412,FALSE,FALSE
Pancreas,Spleen,Pancreas_Srr,Spleen_Zfand6,Srr,Zfand6,12,0.052254106720213654,0.8718729270367163,256,0.0445993031358885,0.9617781546188412,FALSE,FALSE
Colon,Pancreas,Colon_Glp1r,Pancreas_Ins2,Glp1r,Ins2,12,0.04964028931028589,0.8782388289666759,257,0.04477351916376307,0.9617781546188412,FALSE,FALSE
Kidney,Liver,Kidney_Zfand6,Liver_Tbc1d4,Zfand6,Tbc1d4,12,0.047304657350931735,0.883932833003563,258,0.04494773519163764,0.9617781546188412,FALSE,FALSE
Colon,Pancreas,Colon_Tcf19,Pancreas_Insr,Tcf19,Insr,11,-0.04840168622574347,0.8876181955753979,259,0.0451219512195122,0.9617781546188412,FALSE,FALSE
Liver,Pancreas,Liver_Tcf19,Pancreas_Tbc1d4,Tcf19,Tbc1d4,12,0.045491226668929005,0.8883572627001526,260,0.04529616724738676,0.9617781546188412,FALSE,FALSE
Kidney,Pancreas,Kidney_Zfand6,Pancreas_Ins2,Zfand6,Ins2,12,-0.04468867683211315,0.8903162744664241,261,0.045470383275261324,0.9617781546188412,FALSE,FALSE
Colon,Pancreas,Colon_Insr,Pancreas_Ins2,Insr,Ins2,12,0.04314636701032333,0.8940826017151402,262,0.04564459930313589,0.9617781546188412,FALSE,FALSE
Colon,Liver,Colon_Glp1r,Liver_Tbc1d4,Glp1r,Tbc1d4,12,0.04311917040345984,0.8941490341835159,263,0.045818815331010454,0.9617781546188412,FALSE,FALSE
Pancreas,Spleen,Pancreas_Glut1,Spleen_Tcf19,Glut1,Tcf19,10,0.048123037093632956,0.894974302899477,264,0.04599303135888502,0.9617781546188412,FALSE,FALSE
Colon,Liver,Colon_Glp1r,Liver_Tcf19,Glp1r,Tcf19,12,-0.042524429553280535,0.89560194816826,265,0.046167247386759584,0.9617781546188412,FALSE,FALSE
Colon,Liver,Colon_Insr,Liver_Ghrhr,Insr,Ghrhr,12,-0.04188440328279753,0.8971658204534411,266,0.04634146341463415,0.9617781546188412,FALSE,FALSE
Colon,Liver,Colon_Glp1r,Liver_Glut1,Glp1r,Glut1,12,0.041545649913006466,0.8979936837333318,267,0.046515679442508714,0.9617781546188412,FALSE,FALSE
Kidney,Spleen,Kidney_Insr,Spleen_Zfand6,Insr,Zfand6,12,0.041499518191996196,0.8981064300970364,268,0.046689895470383276,0.9617781546188412,FALSE,FALSE
Liver,Pancreas,Liver_Ghrhr,Pancreas_Tbc1d4,Ghrhr,Tbc1d4,12,0.040071626807203914,0.9015970561636842,269,0.04686411149825784,0.9619269707025181,FALSE,FALSE
Colon,Liver,Colon_Glp1r,Liver_Ghrhr,Glp1r,Ghrhr,12,-0.03736990073166914,0.9082060348108769,270,0.047038327526132406,0.9653893777434135,FALSE,FALSE
Pancreas,Spleen,Pancreas_Glut1,Spleen_Glut1,Glut1,Glut1,10,0.03354779688976941,0.9266967309443586,271,0.047212543554006975,0.9786369454093313,FALSE,FALSE
Liver,Pancreas,Liver_Zfand6,Pancreas_Insr,Zfand6,Insr,11,0.028428684335498566,0.9338744384057824,272,0.047386759581881537,0.9786369454093313,FALSE,FALSE
Pancreas,Spleen,Pancreas_Insr,Spleen_Insr,Insr,Insr,11,0.026109942676978273,0.939258908821009,273,0.0475609756097561,0.9786369454093313,FALSE,FALSE
Colon,Pancreas,Colon_Glp1r,Pancreas_Insr,Glp1r,Insr,11,0.024548372260291055,0.9428864119836236,274,0.04773519163763067,0.9786369454093313,FALSE,FALSE
Liver,Pancreas,Liver_Tcf19,Pancreas_Glut1,Tcf19,Glut1,10,-0.024836772850266156,0.9457030615502469,275,0.04790940766550523,0.9786369454093313,FALSE,FALSE
Kidney,Liver,Kidney_Zfand6,Liver_Glut1,Zfand6,Glut1,12,0.02143965976270985,0.9472706604264882,276,0.04808362369337979,0.9786369454093313,FALSE,FALSE
Liver,Pancreas,Liver_Glut1,Pancreas_Glut1,Glut1,Glut1,10,-0.024057360265069702,0.947404971185607,277,0.04825783972125436,0.9786369454093313,FALSE,FALSE
Colon,Liver,Colon_Tcf19,Liver_Ghrhr,Tcf19,Ghrhr,12,-0.021163930560225194,0.9479479819644394,278,0.04843205574912893,0.9786369454093313,FALSE,FALSE
Kidney,Liver,Kidney_Zfand6,Liver_Zfand6,Zfand6,Zfand6,12,0.01564152177058974,0.961519746476629,279,0.04860627177700349,0.9890902051569624,FALSE,FALSE
Colon,Pancreas,Colon_Tcf19,Pancreas_Ins2,Tcf19,Ins2,12,0.013392164462209546,0.9670506001839385,280,0.04878048780487805,0.9912268651885369,FALSE,FALSE
Colon,Liver,Colon_Insr,Liver_Tcf19,Insr,Tcf19,12,-0.01065751969081971,0.9737764817162531,281,0.04895470383275261,0.9945688621087708,FALSE,FALSE
Liver,Pancreas,Liver_Zfand6,Pancreas_Glut1,Zfand6,Glut1,10,-0.007755312511667882,0.9830362741863925,282,0.04912891986062718,0.9968074681751218,FALSE,FALSE
Liver,Pancreas,Liver_Tbc1d4,Pancreas_Glut1,Tbc1d4,Glut1,10,-0.005924150289168674,0.9870413760389493,283,0.04930313588850174,0.9968074681751218,FALSE,FALSE
Colon,Liver,Colon_Tcf19,Liver_Tcf19,Tcf19,Tcf19,12,-0.005029219743744717,0.9876238219165279,284,0.04947735191637631,0.9968074681751218,FALSE,FALSE
Liver,Pancreas,Liver_Ghrhr,Pancreas_Glut1,Ghrhr,Glut1,10,0.004635036870160622,0.9898610746686749,285,0.04965156794425087,0.9968074681751218,FALSE,FALSE
Kidney,Spleen,Kidney_Glut1,Spleen_Insr,Glut1,Insr,12,-7.733579921898036e-4,0.9980968158337775,286,0.04982578397212544,0.999832872689842,FALSE,FALSE
Pancreas,Spleen,Pancreas_Glut1,Spleen_Zfand6,Glut1,Zfand6,10,-7.640105651822245e-5,0.999832872689842,287,0.05,0.999832872689842,FALSE,FALSE
