Organ1,Organ2,Col1,Col2,Gene1,Gene2,N,Correlation,P_value,Group,Sig_raw
Colon,Kidney,Colon_Glp1r,Kidney_Glut1,Glp1r,Glut1,4,-0.7597563743658889,0.24024362563411117,CTRL,False
Colon,Kidney,Colon_Glp1r,Kidney_Insr,Glp1r,Insr,4,-0.9854574457144969,0.014542554285503106,CTRL,True
Colon,Kidney,Colon_Glp1r,Kidney_Mafa,Glp1r,Mafa,4,-0.8201602694637609,0.17983973053623914,CTRL,False
Colon,Kidney,Colon_Glp1r,Kidney_Zfand6,Glp1r,Zfand6,4,-0.7860399597881729,0.21396004021182713,CTRL,False
Colon,Liver,Colon_Glp1r,Liver_Ghrhr,Glp1r,Ghrhr,4,-0.8685712564518507,0.13142874354814937,CTRL,False
Colon,Liver,Colon_Glp1r,Liver_Glut1,Glp1r,Glut1,4,-0.9556798870439537,0.04432011295604621,CTRL,True
Colon,Liver,Colon_Glp1r,Liver_Tbc1d4,Glp1r,Tbc1d4,4,-0.9727937756545917,0.027206224345408314,CTRL,True
Colon,Liver,Colon_Glp1r,Liver_Tcf19,Glp1r,Tcf19,4,-0.920674015074089,0.07932598492591092,CTRL,False
Colon,Liver,Colon_Glp1r,Liver_Zfand6,Glp1r,Zfand6,4,-0.9620058959634074,0.037994104036592535,CTRL,True
Colon,Pancreas,Colon_Glp1r,Pancreas_Ins1,Glp1r,Ins1,3,-0.983986200277081,0.11408369659050573,CTRL,False
Colon,Pancreas,Colon_Glp1r,Pancreas_Ins2,Glp1r,Ins2,4,-0.12976118514782747,0.8702388148521725,CTRL,False
Colon,Pancreas,Colon_Glp1r,Pancreas_Insr,Glp1r,Insr,4,0.17083708680882959,0.8291629131911704,CTRL,False
Colon,Pancreas,Colon_Glp1r,Pancreas_Mafa,Glp1r,Mafa,4,0.051556173770430674,0.9484438262295694,CTRL,False
Colon,Pancreas,Colon_Glp1r,Pancreas_Srr,Glp1r,Srr,4,-0.39609991940393136,0.6039000805960686,CTRL,False
Colon,Pancreas,Colon_Glp1r,Pancreas_Tbc1d4,Glp1r,Tbc1d4,4,-0.1351511491168402,0.8648488508831598,CTRL,False
Colon,Pancreas,Colon_Glp1r,Pancreas_Zfand6,Glp1r,Zfand6,4,-0.8228170417611044,0.17718295823889552,CTRL,False
Colon,Spleen,Colon_Glp1r,Spleen_Glut1,Glp1r,Glut1,4,-0.9483766293388922,0.05162337066110778,CTRL,False
Colon,Spleen,Colon_Glp1r,Spleen_Insr,Glp1r,Insr,4,-0.5575120509144209,0.4424879490855791,CTRL,False
Colon,Spleen,Colon_Glp1r,Spleen_Mafa,Glp1r,Mafa,4,-0.7225357663808382,0.27746423361916195,CTRL,False
Colon,Spleen,Colon_Glp1r,Spleen_Tcf19,Glp1r,Tcf19,4,-0.6994181919346564,0.30058180806534374,CTRL,False
Colon,Spleen,Colon_Glp1r,Spleen_Zfand6,Glp1r,Zfand6,4,-0.9020673482570664,0.09793265174293353,CTRL,False
Colon,Kidney,Colon_Insr,Kidney_Glut1,Insr,Glut1,4,-0.9517756697949606,0.048224330205039356,CTRL,True
Colon,Kidney,Colon_Insr,Kidney_Insr,Insr,Insr,4,-0.8587100968516135,0.14128990314838652,CTRL,False
Colon,Kidney,Colon_Insr,Kidney_Mafa,Insr,Mafa,4,-0.9378627263491078,0.062137273650892055,CTRL,False
Colon,Kidney,Colon_Insr,Kidney_Zfand6,Insr,Zfand6,4,-0.9545954083807578,0.04540459161924204,CTRL,True
Colon,Liver,Colon_Insr,Liver_Ghrhr,Insr,Ghrhr,4,-0.9872714465198964,0.0127285534801036,CTRL,True
Colon,Liver,Colon_Insr,Liver_Glut1,Insr,Glut1,4,-0.931080185063678,0.06891981493632215,CTRL,False
Colon,Liver,Colon_Insr,Liver_Tbc1d4,Insr,Tbc1d4,4,-0.9343288262229081,0.06567117377709186,CTRL,False
Colon,Liver,Colon_Insr,Liver_Tcf19,Insr,Tcf19,4,-0.995029142492124,0.004970857507875959,CTRL,True
Colon,Liver,Colon_Insr,Liver_Zfand6,Insr,Zfand6,4,-0.9756868808008814,0.024313119199118605,CTRL,True
Colon,Pancreas,Colon_Insr,Pancreas_Ins1,Insr,Ins1,3,-0.9967803211467474,0.05109965774060735,CTRL,False
Colon,Pancreas,Colon_Insr,Pancreas_Ins2,Insr,Ins2,4,-0.5391634577806256,0.4608365422193743,CTRL,False
Colon,Pancreas,Colon_Insr,Pancreas_Insr,Insr,Insr,4,0.15357224175212766,0.8464277582478723,CTRL,False
Colon,Pancreas,Colon_Insr,Pancreas_Mafa,Insr,Mafa,4,0.517595820616142,0.48240417938385804,CTRL,False
Colon,Pancreas,Colon_Insr,Pancreas_Srr,Insr,Srr,4,-0.144953790715677,0.855046209284323,CTRL,False
Colon,Pancreas,Colon_Insr,Pancreas_Tbc1d4,Insr,Tbc1d4,4,-0.5679690641123971,0.4320309358876029,CTRL,False
Colon,Pancreas,Colon_Insr,Pancreas_Zfand6,Insr,Zfand6,4,-0.8990422160605217,0.10095778393947841,CTRL,False
Colon,Spleen,Colon_Insr,Spleen_Glut1,Insr,Glut1,4,-0.8178715946081521,0.18212840539184794,CTRL,False
Colon,Spleen,Colon_Insr,Spleen_Insr,Insr,Insr,4,-0.723340400333067,0.276659599666933,CTRL,False
Colon,Spleen,Colon_Insr,Spleen_Mafa,Insr,Mafa,4,-0.4930427381873299,0.5069572618126701,CTRL,False
Colon,Spleen,Colon_Insr,Spleen_Tcf19,Insr,Tcf19,4,-0.785854325370697,0.2141456746293029,CTRL,False
Colon,Spleen,Colon_Insr,Spleen_Zfand6,Insr,Zfand6,4,-0.9906528482296516,0.009347151770348283,CTRL,True
Colon,Kidney,Colon_Mafa,Kidney_Glut1,Mafa,Glut1,4,-0.8896142194571146,0.11038578054288539,CTRL,False
Colon,Kidney,Colon_Mafa,Kidney_Insr,Mafa,Insr,4,-0.7665457521113088,0.23345424788869118,CTRL,False
Colon,Kidney,Colon_Mafa,Kidney_Mafa,Mafa,Mafa,4,-0.8294488212110767,0.17055117878892334,CTRL,False
Colon,Kidney,Colon_Mafa,Kidney_Zfand6,Mafa,Zfand6,4,-0.8796416646736784,0.12035833532632156,CTRL,False
Colon,Liver,Colon_Mafa,Liver_Ghrhr,Mafa,Ghrhr,4,-0.9138243604022587,0.08617563959774133,CTRL,False
Colon,Liver,Colon_Mafa,Liver_Glut1,Mafa,Glut1,4,-0.7918189407737116,0.2081810592262885,CTRL,False
Colon,Liver,Colon_Mafa,Liver_Tbc1d4,Mafa,Tbc1d4,4,-0.8022479387550759,0.19775206124492417,CTRL,False
Colon,Liver,Colon_Mafa,Liver_Tcf19,Mafa,Tcf19,4,-0.9313835251191042,0.06861647488089595,CTRL,False
Colon,Liver,Colon_Mafa,Liver_Zfand6,Mafa,Zfand6,4,-0.8937087075050734,0.10629129249492664,CTRL,False
Colon,Pancreas,Colon_Mafa,Pancreas_Ins1,Mafa,Ins1,3,-0.9377299464228918,0.2258471151293448,CTRL,False
Colon,Pancreas,Colon_Mafa,Pancreas_Ins2,Mafa,Ins2,4,-0.5647184259501231,0.4352815740498768,CTRL,False
Colon,Pancreas,Colon_Mafa,Pancreas_Insr,Mafa,Insr,4,-0.07140074675682653,0.9285992532431735,CTRL,False
Colon,Pancreas,Colon_Mafa,Pancreas_Mafa,Mafa,Mafa,4,0.6857773996653973,0.3142226003346027,CTRL,False
Colon,Pancreas,Colon_Mafa,Pancreas_Srr,Mafa,Srr,4,-0.20024951489707868,0.7997504851029213,CTRL,False
Colon,Pancreas,Colon_Mafa,Pancreas_Tbc1d4,Mafa,Tbc1d4,4,-0.6264697652422606,0.3735302347577394,CTRL,False
Colon,Pancreas,Colon_Mafa,Pancreas_Zfand6,Mafa,Zfand6,4,-0.9391438538667992,0.060856146133200895,CTRL,False
Colon,Spleen,Colon_Mafa,Spleen_Glut1,Mafa,Glut1,4,-0.627300736513581,0.372699263486419,CTRL,False
Colon,Spleen,Colon_Mafa,Spleen_Insr,Mafa,Insr,4,-0.5861274861419674,0.4138725138580326,CTRL,False
Colon,Spleen,Colon_Mafa,Spleen_Mafa,Mafa,Mafa,4,-0.48668460829936255,0.5133153917006374,CTRL,False
Colon,Spleen,Colon_Mafa,Spleen_Tcf19,Mafa,Tcf19,4,-0.8786474004754194,0.12135259952458055,CTRL,False
Colon,Spleen,Colon_Mafa,Spleen_Zfand6,Mafa,Zfand6,4,-0.9130726462738828,0.08692735372611704,CTRL,False
Colon,Kidney,Colon_Tcf19,Kidney_Glut1,Tcf19,Glut1,4,-0.6022253404267808,0.3977746595732192,CTRL,False
Colon,Kidney,Colon_Tcf19,Kidney_Insr,Tcf19,Insr,4,-0.9056821470453654,0.09431785295463468,CTRL,False
Colon,Kidney,Colon_Tcf19,Kidney_Mafa,Tcf19,Mafa,4,-0.7128889292300874,0.2871110707699125,CTRL,False
Colon,Kidney,Colon_Tcf19,Kidney_Zfand6,Tcf19,Zfand6,4,-0.6413773475807776,0.3586226524192224,CTRL,False
Colon,Liver,Colon_Tcf19,Liver_Ghrhr,Tcf19,Ghrhr,4,-0.7212814733642978,0.2787185266357022,CTRL,False
Colon,Liver,Colon_Tcf19,Liver_Glut1,Tcf19,Glut1,4,-0.8911305805509754,0.10886941944902473,CTRL,False
Colon,Liver,Colon_Tcf19,Liver_Tbc1d4,Tcf19,Tbc1d4,4,-0.9028814616439869,0.09711853835601314,CTRL,False
Colon,Liver,Colon_Tcf19,Liver_Tcf19,Tcf19,Tcf19,4,-0.7680567358323893,0.23194326416761069,CTRL,False
Colon,Liver,Colon_Tcf19,Liver_Zfand6,Tcf19,Zfand6,4,-0.8353474950175656,0.16465250498243433,CTRL,False
Colon,Pancreas,Colon_Tcf19,Pancreas_Ins1,Tcf19,Ins1,3,-0.8216670908572599,0.38608860208646206,CTRL,False
Colon,Pancreas,Colon_Tcf19,Pancreas_Ins2,Tcf19,Ins2,4,0.04308338414540201,0.9569166158545981,CTRL,False
Colon,Pancreas,Colon_Tcf19,Pancreas_Insr,Tcf19,Insr,4,0.33493824021273755,0.6650617597872626,CTRL,False
Colon,Pancreas,Colon_Tcf19,Pancreas_Mafa,Tcf19,Mafa,4,-0.2452976539206248,0.7547023460793751,CTRL,False
Colon,Pancreas,Colon_Tcf19,Pancreas_Srr,Tcf19,Srr,4,-0.34586204389984765,0.6541379561001524,CTRL,False
Colon,Pancreas,Colon_Tcf19,Pancreas_Tbc1d4,Tcf19,Tbc1d4,4,0.07419269947353672,0.9258073005264633,CTRL,False
Colon,Pancreas,Colon_Tcf19,Pancreas_Zfand6,Tcf19,Zfand6,4,-0.6002059454232627,0.39979405457673733,CTRL,False
Colon,Spleen,Colon_Tcf19,Spleen_Glut1,Tcf19,Glut1,4,-0.9616366825924054,0.03836331740759458,CTRL,True
Colon,Spleen,Colon_Tcf19,Spleen_Insr,Tcf19,Insr,4,-0.5129244517619502,0.48707554823804977,CTRL,False
Colon,Spleen,Colon_Tcf19,Spleen_Mafa,Tcf19,Mafa,4,-0.6531689525087006,0.34683104749129945,CTRL,False
Colon,Spleen,Colon_Tcf19,Spleen_Tcf19,Tcf19,Tcf19,4,-0.45320652794906136,0.5467934720509386,CTRL,False
Colon,Spleen,Colon_Tcf19,Spleen_Zfand6,Tcf19,Zfand6,4,-0.7607976312463018,0.23920236875369816,CTRL,False
Colon,Kidney,Colon_Zfand6,Kidney_Glut1,Zfand6,Glut1,4,-0.7598371671534454,0.2401628328465546,CTRL,False
Colon,Kidney,Colon_Zfand6,Kidney_Insr,Zfand6,Insr,4,-0.981966907174164,0.018033092825835872,CTRL,True
Colon,Kidney,Colon_Zfand6,Kidney_Mafa,Zfand6,Mafa,4,-0.774900172122888,0.2250998278771119,CTRL,False
Colon,Kidney,Colon_Zfand6,Kidney_Zfand6,Zfand6,Zfand6,4,-0.7746234894817968,0.22537651051820307,CTRL,False
Colon,Liver,Colon_Zfand6,Liver_Ghrhr,Zfand6,Ghrhr,4,-0.8685209457238976,0.1314790542761024,CTRL,False
Colon,Liver,Colon_Zfand6,Liver_Glut1,Zfand6,Glut1,4,-0.8922002973824429,0.107799702617557,CTRL,False
Colon,Liver,Colon_Zfand6,Liver_Tbc1d4,Zfand6,Tbc1d4,4,-0.9196863907455995,0.08031360925440056,CTRL,False
Colon,Liver,Colon_Zfand6,Liver_Tcf19,Zfand6,Tcf19,4,-0.9383433354563381,0.06165666454366203,CTRL,False
Colon,Liver,Colon_Zfand6,Liver_Zfand6,Zfand6,Zfand6,4,-0.9642681221632606,0.03573187783673948,CTRL,True
Colon,Pancreas,Colon_Zfand6,Pancreas_Ins1,Zfand6,Ins1,3,-0.9827528627153523,0.1184076627855767,CTRL,False
Colon,Pancreas,Colon_Zfand6,Pancreas_Ins2,Zfand6,Ins2,4,-0.16177334235941374,0.8382266576405863,CTRL,False
Colon,Pancreas,Colon_Zfand6,Pancreas_Insr,Zfand6,Insr,4,-0.07102534871424308,0.9289746512857568,CTRL,False
Colon,Pancreas,Colon_Zfand6,Pancreas_Mafa,Zfand6,Mafa,4,0.23876255667595633,0.7612374433240436,CTRL,False
Colon,Pancreas,Colon_Zfand6,Pancreas_Srr,Zfand6,Srr,4,-0.5064136937996837,0.4935863062003163,CTRL,False
Colon,Pancreas,Colon_Zfand6,Pancreas_Tbc1d4,Zfand6,Tbc1d4,4,-0.20511481372990575,0.7948851862700943,CTRL,False
Colon,Pancreas,Colon_Zfand6,Pancreas_Zfand6,Zfand6,Zfand6,4,-0.9502524322237339,0.04974756777626599,CTRL,True
Colon,Spleen,Colon_Zfand6,Spleen_Glut1,Zfand6,Glut1,4,-0.8276967801748929,0.1723032198251071,CTRL,False
Colon,Spleen,Colon_Zfand6,Spleen_Insr,Zfand6,Insr,4,-0.4512420424692954,0.5487579575307047,CTRL,False
Colon,Spleen,Colon_Zfand6,Spleen_Mafa,Zfand6,Mafa,4,-0.7941376102223564,0.2058623897776437,CTRL,False
Colon,Spleen,Colon_Zfand6,Spleen_Tcf19,Zfand6,Tcf19,4,-0.8749159156109018,0.12508408438909813,CTRL,False
Colon,Spleen,Colon_Zfand6,Spleen_Zfand6,Zfand6,Zfand6,4,-0.9014112779943388,0.09858872200566116,CTRL,False
Kidney,Liver,Kidney_Glut1,Liver_Ghrhr,Glut1,Ghrhr,4,0.9809033241478246,0.019096675852175338,CTRL,True
Kidney,Liver,Kidney_Glut1,Liver_Glut1,Glut1,Glut1,4,0.8984301124247669,0.10156988757523311,CTRL,False
Kidney,Liver,Kidney_Glut1,Liver_Tbc1d4,Glut1,Tbc1d4,4,0.880314840165029,0.11968515983497108,CTRL,False
Kidney,Liver,Kidney_Glut1,Liver_Tcf19,Glut1,Tcf19,4,0.9374503312521776,0.06254966874782242,CTRL,False
Kidney,Liver,Kidney_Glut1,Liver_Zfand6,Glut1,Zfand6,4,0.8940709510098104,0.10592904899018962,CTRL,False
Kidney,Pancreas,Kidney_Glut1,Pancreas_Ins1,Glut1,Ins1,3,0.9958646040137201,0.05791665223453725,CTRL,False
Kidney,Pancreas,Kidney_Glut1,Pancreas_Ins2,Glut1,Ins2,4,0.742759741772769,0.25724025822723107,CTRL,False
Kidney,Pancreas,Kidney_Glut1,Pancreas_Insr,Glut1,Insr,4,-0.3916248561157285,0.6083751438842715,CTRL,False
Kidney,Pancreas,Kidney_Glut1,Pancreas_Mafa,Glut1,Mafa,4,-0.593445645630937,0.40655435436906284,CTRL,False
Kidney,Pancreas,Kidney_Glut1,Pancreas_Srr,Glut1,Srr,4,-0.16514222600923237,0.8348577739907677,CTRL,False
Kidney,Pancreas,Kidney_Glut1,Pancreas_Tbc1d4,Glut1,Tbc1d4,4,0.7439455174938652,0.25605448250613483,CTRL,False
Kidney,Pancreas,Kidney_Glut1,Pancreas_Zfand6,Glut1,Zfand6,4,0.7316272583645835,0.26837274163541647,CTRL,False
Kidney,Spleen,Kidney_Glut1,Spleen_Glut1,Glut1,Glut1,4,0.7835929330245182,0.21640706697548184,CTRL,False
Kidney,Spleen,Kidney_Glut1,Spleen_Insr,Glut1,Insr,4,0.8900974275661288,0.10990257243387136,CTRL,False
Kidney,Spleen,Kidney_Glut1,Spleen_Mafa,Glut1,Mafa,4,0.20877255976025352,0.7912274402397466,CTRL,False
Kidney,Spleen,Kidney_Glut1,Spleen_Tcf19,Glut1,Tcf19,4,0.5834174984346375,0.4165825015653626,CTRL,False
Kidney,Spleen,Kidney_Glut1,Spleen_Zfand6,Glut1,Zfand6,4,0.9634831436903424,0.03651685630965762,CTRL,True
Kidney,Liver,Kidney_Insr,Liver_Ghrhr,Insr,Ghrhr,4,0.8218483864365745,0.17815161356342557,CTRL,False
Kidney,Liver,Kidney_Insr,Liver_Glut1,Insr,Glut1,4,0.900970394616193,0.0990296053838069,CTRL,False
Kidney,Liver,Kidney_Insr,Liver_Tbc1d4,Insr,Tbc1d4,4,0.9288364178192223,0.07116358218077767,CTRL,False
Kidney,Liver,Kidney_Insr,Liver_Tcf19,Insr,Tcf19,4,0.8974572899046567,0.10254271009534333,CTRL,False
Kidney,Liver,Kidney_Insr,Liver_Zfand6,Insr,Zfand6,4,0.9434271219483937,0.05657287805160616,CTRL,False
Kidney,Pancreas,Kidney_Insr,Pancreas_Ins1,Insr,Ins1,3,0.9999205803369059,0.008023465976756074,CTRL,True
Kidney,Pancreas,Kidney_Insr,Pancreas_Ins2,Insr,Ins2,4,0.0405750987421864,0.9594249012578135,CTRL,False
Kidney,Pancreas,Kidney_Insr,Pancreas_Insr,Insr,Insr,4,-0.001501934668771611,0.9984980653312283,CTRL,False
Kidney,Pancreas,Kidney_Insr,Pancreas_Mafa,Insr,Mafa,4,-0.05829097371752605,0.9417090262824739,CTRL,False
Kidney,Pancreas,Kidney_Insr,Pancreas_Srr,Insr,Srr,4,0.5345339940190024,0.46546600598099763,CTRL,False
Kidney,Pancreas,Kidney_Insr,Pancreas_Tbc1d4,Insr,Tbc1d4,4,0.06644027043938974,0.9335597295606102,CTRL,False
Kidney,Pancreas,Kidney_Insr,Pancreas_Zfand6,Insr,Zfand6,4,0.8783966765366656,0.12160332346333425,CTRL,False
Kidney,Spleen,Kidney_Insr,Spleen_Glut1,Insr,Glut1,4,0.8816957366088252,0.11830426339117484,CTRL,False
Kidney,Spleen,Kidney_Insr,Spleen_Insr,Insr,Insr,4,0.42840442255941424,0.5715955774405859,CTRL,False
Kidney,Spleen,Kidney_Insr,Spleen_Mafa,Insr,Mafa,4,0.8221953834140103,0.17780461658598967,CTRL,False
Kidney,Spleen,Kidney_Insr,Spleen_Tcf19,Insr,Tcf19,4,0.7883684323600223,0.2116315676399778,CTRL,False
Kidney,Spleen,Kidney_Insr,Spleen_Zfand6,Insr,Zfand6,4,0.8624025817010095,0.13759741829899053,CTRL,False
Kidney,Liver,Kidney_Mafa,Liver_Ghrhr,Mafa,Ghrhr,4,0.9810766101406292,0.01892338985937081,CTRL,True
Kidney,Liver,Kidney_Mafa,Liver_Glut1,Mafa,Glut1,4,0.9484612659248837,0.05153873407511633,CTRL,False
Kidney,Liver,Kidney_Mafa,Liver_Tbc1d4,Mafa,Tbc1d4,4,0.9294801964761105,0.07051980352388965,CTRL,False
Kidney,Liver,Kidney_Mafa,Liver_Tcf19,Mafa,Tcf19,4,0.940313121679471,0.05968687832052888,CTRL,False
Kidney,Liver,Kidney_Mafa,Liver_Zfand6,Mafa,Zfand6,4,0.9140600142083307,0.0859399857916694,CTRL,False
Kidney,Pancreas,Kidney_Mafa,Pancreas_Ins1,Mafa,Ins1,3,0.9719148347783336,0.15123604894180961,CTRL,False
Kidney,Pancreas,Kidney_Mafa,Pancreas_Ins2,Mafa,Ins2,4,0.6627605096521527,0.3372394903478473,CTRL,False
Kidney,Pancreas,Kidney_Mafa,Pancreas_Insr,Mafa,Insr,4,-0.4851911018833975,0.5148088981166026,CTRL,False
Kidney,Pancreas,Kidney_Mafa,Pancreas_Mafa,Mafa,Mafa,4,-0.44618809675741933,0.5538119032425808,CTRL,False
Kidney,Pancreas,Kidney_Mafa,Pancreas_Srr,Mafa,Srr,4,-0.1510337007358965,0.8489662992641036,CTRL,False
Kidney,Pancreas,Kidney_Mafa,Pancreas_Tbc1d4,Mafa,Tbc1d4,4,0.6464148564567146,0.3535851435432855,CTRL,False
Kidney,Pancreas,Kidney_Mafa,Pancreas_Zfand6,Mafa,Zfand6,4,0.6925808055911035,0.3074191944088964,CTRL,False
Kidney,Spleen,Kidney_Mafa,Spleen_Glut1,Mafa,Glut1,4,0.8724319555799235,0.12756804442007663,CTRL,False
Kidney,Spleen,Kidney_Mafa,Spleen_Insr,Mafa,Insr,4,0.912474278307285,0.087525721692715,CTRL,False
Kidney,Spleen,Kidney_Mafa,Spleen_Mafa,Mafa,Mafa,4,0.2407924311533941,0.7592075688466058,CTRL,False
Kidney,Spleen,Kidney_Mafa,Spleen_Tcf19,Mafa,Tcf19,4,0.5224339740991524,0.4775660259008476,CTRL,False
Kidney,Spleen,Kidney_Mafa,Spleen_Zfand6,Mafa,Zfand6,4,0.9699537064861004,0.030046293513899647,CTRL,True
Kidney,Liver,Kidney_Zfand6,Liver_Ghrhr,Zfand6,Ghrhr,4,0.9862012666058844,0.013798733394115636,CTRL,True
Kidney,Liver,Kidney_Zfand6,Liver_Glut1,Zfand6,Glut1,4,0.9188211929626454,0.0811788070373547,CTRL,False
Kidney,Liver,Kidney_Zfand6,Liver_Tbc1d4,Zfand6,Tbc1d4,4,0.9012532420907455,0.09874675790925447,CTRL,False
Kidney,Liver,Kidney_Zfand6,Liver_Tcf19,Zfand6,Tcf19,4,0.9454379628146091,0.05456203718539099,CTRL,False
Kidney,Liver,Kidney_Zfand6,Liver_Zfand6,Zfand6,Zfand6,4,0.9077917202091588,0.09220827979084123,CTRL,False
Kidney,Pancreas,Kidney_Zfand6,Pancreas_Ins1,Zfand6,Ins1,3,0.9920455752421815,0.08035035702759823,CTRL,False
Kidney,Pancreas,Kidney_Zfand6,Pancreas_Ins2,Zfand6,Ins2,4,0.7149202463024504,0.28507975369754956,CTRL,False
Kidney,Pancreas,Kidney_Zfand6,Pancreas_Insr,Zfand6,Insr,4,-0.41075724579298134,0.5892427542070187,CTRL,False
Kidney,Pancreas,Kidney_Zfand6,Pancreas_Mafa,Zfand6,Mafa,4,-0.5507184278183134,0.4492815721816865,CTRL,False
Kidney,Pancreas,Kidney_Zfand6,Pancreas_Srr,Zfand6,Srr,4,-0.14898725504558563,0.8510127449544145,CTRL,False
Kidney,Pancreas,Kidney_Zfand6,Pancreas_Tbc1d4,Zfand6,Tbc1d4,4,0.7121926627987307,0.2878073372012693,CTRL,False
Kidney,Pancreas,Kidney_Zfand6,Pancreas_Zfand6,Zfand6,Zfand6,4,0.7310245129164871,0.2689754870835128,CTRL,False
Kidney,Spleen,Kidney_Zfand6,Spleen_Glut1,Zfand6,Glut1,4,0.8146906968602821,0.18530930313971794,CTRL,False
Kidney,Spleen,Kidney_Zfand6,Spleen_Insr,Zfand6,Insr,4,0.8941449417203564,0.10585505827964359,CTRL,False
Kidney,Spleen,Kidney_Zfand6,Spleen_Mafa,Zfand6,Mafa,4,0.23093083693979258,0.7690691630602073,CTRL,False
Kidney,Spleen,Kidney_Zfand6,Spleen_Tcf19,Zfand6,Tcf19,4,0.5771767854892245,0.42282321451077554,CTRL,False
Kidney,Spleen,Kidney_Zfand6,Spleen_Zfand6,Zfand6,Zfand6,4,0.971379888129489,0.028620111870510945,CTRL,True
Liver,Pancreas,Liver_Ghrhr,Pancreas_Ins1,Ghrhr,Ins1,3,0.9977038504784332,0.04314975546234903,CTRL,True
Liver,Pancreas,Liver_Ghrhr,Pancreas_Ins2,Ghrhr,Ins2,4,0.6000704657400002,0.3999295342599998,CTRL,False
Liver,Pancreas,Liver_Ghrhr,Pancreas_Insr,Ghrhr,Insr,4,-0.3084593662078009,0.691540633792199,CTRL,False
Liver,Pancreas,Liver_Ghrhr,Pancreas_Mafa,Ghrhr,Mafa,4,-0.48803508479327234,0.5119649152067276,CTRL,False
Liver,Pancreas,Liver_Ghrhr,Pancreas_Srr,Ghrhr,Srr,4,0.014867033833992904,0.9851329661660071,CTRL,False
Liver,Pancreas,Liver_Ghrhr,Pancreas_Tbc1d4,Ghrhr,Tbc1d4,4,0.6083851808519708,0.3916148191480291,CTRL,False
Liver,Pancreas,Liver_Ghrhr,Pancreas_Zfand6,Ghrhr,Zfand6,4,0.8189647806965589,0.18103521930344124,CTRL,False
Liver,Spleen,Liver_Ghrhr,Spleen_Glut1,Ghrhr,Glut1,4,0.8586071925911996,0.14139280740880045,CTRL,False
Liver,Spleen,Liver_Ghrhr,Spleen_Insr,Ghrhr,Insr,4,0.8204775974558075,0.1795224025441926,CTRL,False
Liver,Spleen,Liver_Ghrhr,Spleen_Mafa,Ghrhr,Mafa,4,0.3887449651295086,0.6112550348704913,CTRL,False
Liver,Spleen,Liver_Ghrhr,Spleen_Tcf19,Ghrhr,Tcf19,4,0.6775861160854548,0.3224138839145452,CTRL,False
Liver,Spleen,Liver_Ghrhr,Spleen_Zfand6,Ghrhr,Zfand6,4,0.9971624694688077,0.0028375305311922894,CTRL,True
Liver,Pancreas,Liver_Glut1,Pancreas_Ins1,Glut1,Ins1,3,0.9616188280840473,0.17695106312437237,CTRL,False
Liver,Pancreas,Liver_Glut1,Pancreas_Ins2,Glut1,Ins2,4,0.3918007953536752,0.6081992046463247,CTRL,False
Liver,Pancreas,Liver_Glut1,Pancreas_Insr,Glut1,Insr,4,-0.38522494108029726,0.6147750589197027,CTRL,False
Liver,Pancreas,Liver_Glut1,Pancreas_Mafa,Glut1,Mafa,4,-0.2085674452600005,0.7914325547399994,CTRL,False
Liver,Pancreas,Liver_Glut1,Pancreas_Srr,Glut1,Srr,4,0.11501779889388664,0.8849822011061135,CTRL,False
Liver,Pancreas,Liver_Glut1,Pancreas_Tbc1d4,Glut1,Tbc1d4,4,0.37838433646800196,0.621615663531998,CTRL,False
Liver,Pancreas,Liver_Glut1,Pancreas_Zfand6,Glut1,Zfand6,4,0.7600318139803265,0.23996818601967362,CTRL,False
Liver,Spleen,Liver_Glut1,Spleen_Glut1,Glut1,Glut1,4,0.970740100367923,0.02925989963207698,CTRL,True
Liver,Spleen,Liver_Glut1,Spleen_Insr,Glut1,Insr,4,0.7764908202637378,0.22350917973626228,CTRL,False
Liver,Spleen,Liver_Glut1,Spleen_Mafa,Glut1,Mafa,4,0.4939328530928855,0.5060671469071145,CTRL,False
Liver,Spleen,Liver_Glut1,Spleen_Tcf19,Glut1,Tcf19,4,0.598629776867018,0.4013702231329819,CTRL,False
Liver,Spleen,Liver_Glut1,Spleen_Zfand6,Glut1,Zfand6,4,0.9681129277163987,0.031887072283601325,CTRL,True
Liver,Pancreas,Liver_Tbc1d4,Pancreas_Ins1,Tbc1d4,Ins1,3,0.972451960127193,0.14977610865229052,CTRL,False
Liver,Pancreas,Liver_Tbc1d4,Pancreas_Ins2,Tbc1d4,Ins2,4,0.34468278902102906,0.6553172109789709,CTRL,False
Liver,Pancreas,Liver_Tbc1d4,Pancreas_Insr,Tbc1d4,Insr,4,-0.32612251336785025,0.6738774866321497,CTRL,False
Liver,Pancreas,Liver_Tbc1d4,Pancreas_Mafa,Tbc1d4,Mafa,4,-0.1933874440233225,0.8066125559766775,CTRL,False
Liver,Pancreas,Liver_Tbc1d4,Pancreas_Srr,Tbc1d4,Srr,4,0.18338419732326658,0.8166158026767334,CTRL,False
Liver,Pancreas,Liver_Tbc1d4,Pancreas_Tbc1d4,Tbc1d4,Tbc1d4,4,0.33802231937710925,0.6619776806228908,CTRL,False
Liver,Pancreas,Liver_Tbc1d4,Pancreas_Zfand6,Tbc1d4,Zfand6,4,0.7921489512973574,0.2078510487026426,CTRL,False
Liver,Spleen,Liver_Tbc1d4,Spleen_Glut1,Tbc1d4,Glut1,4,0.9679730183776487,0.03202698162235129,CTRL,True
Liver,Spleen,Liver_Tbc1d4,Spleen_Insr,Tbc1d4,Insr,4,0.7318403274936015,0.2681596725063984,CTRL,False
Liver,Spleen,Liver_Tbc1d4,Spleen_Mafa,Tbc1d4,Mafa,4,0.5528223839248134,0.4471776160751866,CTRL,False
Liver,Spleen,Liver_Tbc1d4,Spleen_Tcf19,Tbc1d4,Tcf19,4,0.6405366981142457,0.35946330188575426,CTRL,False
Liver,Spleen,Liver_Tbc1d4,Spleen_Zfand6,Tbc1d4,Zfand6,4,0.9658092969322066,0.03419070306779348,CTRL,True
Liver,Pancreas,Liver_Tcf19,Pancreas_Ins1,Tcf19,Ins1,3,0.9998761041943283,0.010021388687717653,CTRL,True
Liver,Pancreas,Liver_Tcf19,Pancreas_Ins2,Tcf19,Ins2,4,0.47655511398375844,0.5234448860162415,CTRL,False
Liver,Pancreas,Liver_Tcf19,Pancreas_Insr,Tcf19,Insr,4,-0.18261728187615275,0.8173827181238473,CTRL,False
Liver,Pancreas,Liver_Tcf19,Pancreas_Mafa,Tcf19,Mafa,4,-0.4300540221273291,0.569945977872671,CTRL,False
Liver,Pancreas,Liver_Tcf19,Pancreas_Srr,Tcf19,Srr,4,0.18021512145838464,0.8197848785416153,CTRL,False
Liver,Pancreas,Liver_Tcf19,Pancreas_Tbc1d4,Tcf19,Tbc1d4,4,0.49829051350252906,0.5017094864974709,CTRL,False
Liver,Pancreas,Liver_Tcf19,Pancreas_Zfand6,Tcf19,Zfand6,4,0.891340017784791,0.108659982215209,CTRL,False
Liver,Spleen,Liver_Tcf19,Spleen_Glut1,Tcf19,Glut1,4,0.8676587044297276,0.13234129557027252,CTRL,False
Liver,Spleen,Liver_Tcf19,Spleen_Insr,Tcf19,Insr,4,0.7192043470098437,0.2807956529901563,CTRL,False
Liver,Spleen,Liver_Tcf19,Spleen_Mafa,Tcf19,Mafa,4,0.5350763884010807,0.46492361159891926,CTRL,False
Liver,Spleen,Liver_Tcf19,Spleen_Tcf19,Tcf19,Tcf19,4,0.7696099516979868,0.23039004830201315,CTRL,False
Liver,Spleen,Liver_Tcf19,Spleen_Zfand6,Tcf19,Zfand6,4,0.9948537060376459,0.005146293962354109,CTRL,True
Liver,Pancreas,Liver_Zfand6,Pancreas_Ins1,Zfand6,Ins1,3,0.9997251371181167,0.014926676367140682,CTRL,True
Liver,Pancreas,Liver_Zfand6,Pancreas_Ins2,Zfand6,Ins2,4,0.36911577584400657,0.6308842241559933,CTRL,False
Liver,Pancreas,Liver_Zfand6,Pancreas_Insr,Zfand6,Insr,4,-0.16872151417134307,0.831278485828657,CTRL,False
Liver,Pancreas,Liver_Zfand6,Pancreas_Mafa,Zfand6,Mafa,4,-0.3194723723020188,0.6805276276979813,CTRL,False
Liver,Pancreas,Liver_Zfand6,Pancreas_Srr,Zfand6,Srr,4,0.2628487651170308,0.7371512348829692,CTRL,False
Liver,Pancreas,Liver_Zfand6,Pancreas_Tbc1d4,Zfand6,Tbc1d4,4,0.3877633904666399,0.61223660953336,CTRL,False
Liver,Pancreas,Liver_Zfand6,Pancreas_Zfand6,Zfand6,Zfand6,4,0.8911675857301955,0.1088324142698045,CTRL,False
Liver,Spleen,Liver_Zfand6,Spleen_Glut1,Zfand6,Glut1,4,0.9042173921911411,0.09578260780885905,CTRL,False
Liver,Spleen,Liver_Zfand6,Spleen_Insr,Zfand6,Insr,4,0.6715013092512859,0.32849869074871396,CTRL,False
Liver,Spleen,Liver_Zfand6,Spleen_Mafa,Zfand6,Mafa,4,0.6123697241641708,0.3876302758358292,CTRL,False
Liver,Spleen,Liver_Zfand6,Spleen_Tcf19,Zfand6,Tcf19,4,0.7692883165720958,0.23071168342790416,CTRL,False
Liver,Spleen,Liver_Zfand6,Spleen_Zfand6,Zfand6,Zfand6,4,0.9813214212525903,0.018678578747409746,CTRL,True
Pancreas,Spleen,Pancreas_Ins1,Spleen_Glut1,Ins1,Glut1,3,0.8709797150985868,0.3269701215730022,CTRL,False
Pancreas,Spleen,Pancreas_Ins1,Spleen_Insr,Ins1,Insr,3,0.871853052863066,0.3258367170735665,CTRL,False
Pancreas,Spleen,Pancreas_Ins1,Spleen_Mafa,Ins1,Mafa,3,0.6134005641533036,0.5796022872730596,CTRL,False
Pancreas,Spleen,Pancreas_Ins1,Spleen_Tcf19,Ins1,Tcf19,3,0.7311514477864194,0.47796654410159517,CTRL,False
Pancreas,Spleen,Pancreas_Ins1,Spleen_Zfand6,Ins1,Zfand6,3,0.9981713085211532,0.03850627837444087,CTRL,True
Pancreas,Spleen,Pancreas_Ins2,Spleen_Glut1,Ins2,Glut1,4,0.23136838319175912,0.768631616808241,CTRL,False
Pancreas,Spleen,Pancreas_Ins2,Spleen_Insr,Ins2,Insr,4,0.8000902856233214,0.1999097143766786,CTRL,False
Pancreas,Spleen,Pancreas_Ins2,Spleen_Mafa,Ins2,Mafa,4,-0.4428675237566039,0.557132476243396,CTRL,False
Pancreas,Spleen,Pancreas_Ins2,Spleen_Tcf19,Ins2,Tcf19,4,0.14128083667936298,0.858719163320637,CTRL,False
Pancreas,Spleen,Pancreas_Ins2,Spleen_Zfand6,Ins2,Zfand6,4,0.5385163217561311,0.46148367824386893,CTRL,False
Pancreas,Spleen,Pancreas_Insr,Spleen_Glut1,Insr,Glut1,4,-0.4726045882772837,0.5273954117227162,CTRL,False
Pancreas,Spleen,Pancreas_Insr,Spleen_Insr,Insr,Insr,4,-0.7596833583777096,0.24031664162229038,CTRL,False
Pancreas,Spleen,Pancreas_Insr,Spleen_Mafa,Insr,Mafa,4,0.4936230998260059,0.5063769001739942,CTRL,False
Pancreas,Spleen,Pancreas_Insr,Spleen_Tcf19,Insr,Tcf19,4,0.48695735542908686,0.5130426445709131,CTRL,False
Pancreas,Spleen,Pancreas_Insr,Spleen_Zfand6,Insr,Zfand6,4,-0.2747210622899058,0.7252789377100943,CTRL,False
Pancreas,Spleen,Pancreas_Mafa,Spleen_Glut1,Mafa,Glut1,4,0.02552360524518385,0.9744763947548161,CTRL,False
Pancreas,Spleen,Pancreas_Mafa,Spleen_Insr,Mafa,Insr,4,-0.4231375260997608,0.5768624739002393,CTRL,False
Pancreas,Spleen,Pancreas_Mafa,Spleen_Mafa,Mafa,Mafa,4,0.17363919671939715,0.8263608032806029,CTRL,False
Pancreas,Spleen,Pancreas_Mafa,Spleen_Tcf19,Mafa,Tcf19,4,-0.4737620497258497,0.5262379502741503,CTRL,False
Pancreas,Spleen,Pancreas_Mafa,Spleen_Zfand6,Mafa,Zfand6,4,-0.441027690143408,0.558972309856592,CTRL,False
Pancreas,Spleen,Pancreas_Srr,Spleen_Glut1,Srr,Glut1,4,0.13286523127626143,0.8671347687237385,CTRL,False
Pancreas,Spleen,Pancreas_Srr,Spleen_Insr,Srr,Insr,4,-0.5331058922091841,0.46689410779081575,CTRL,False
Pancreas,Spleen,Pancreas_Srr,Spleen_Mafa,Srr,Mafa,4,0.9205406218403434,0.07945937815965665,CTRL,False
Pancreas,Spleen,Pancreas_Srr,Spleen_Tcf19,Srr,Tcf19,4,0.6272201842411241,0.372779815758876,CTRL,False
Pancreas,Spleen,Pancreas_Srr,Spleen_Zfand6,Srr,Zfand6,4,0.08363433416748364,0.9163656658325163,CTRL,False
Pancreas,Spleen,Pancreas_Tbc1d4,Spleen_Glut1,Tbc1d4,Glut1,4,0.19508452491987766,0.8049154750801224,CTRL,False
Pancreas,Spleen,Pancreas_Tbc1d4,Spleen_Insr,Tbc1d4,Insr,4,0.7432378647713689,0.2567621352286311,CTRL,False
Pancreas,Spleen,Pancreas_Tbc1d4,Spleen_Mafa,Tbc1d4,Mafa,4,-0.375328647535674,0.6246713524643259,CTRL,False
Pancreas,Spleen,Pancreas_Tbc1d4,Spleen_Tcf19,Tbc1d4,Tcf19,4,0.2410374152657838,0.7589625847342163,CTRL,False
Pancreas,Spleen,Pancreas_Tbc1d4,Spleen_Zfand6,Tbc1d4,Zfand6,4,0.549254242911311,0.450745757088689,CTRL,False
Pancreas,Spleen,Pancreas_Zfand6,Spleen_Glut1,Zfand6,Glut1,4,0.6319006537077264,0.3680993462922735,CTRL,False
Pancreas,Spleen,Pancreas_Zfand6,Spleen_Insr,Zfand6,Insr,4,0.34899133640040236,0.6510086635995975,CTRL,False
Pancreas,Spleen,Pancreas_Zfand6,Spleen_Mafa,Zfand6,Mafa,4,0.7547576196636149,0.24524238033638524,CTRL,False
Pancreas,Spleen,Pancreas_Zfand6,Spleen_Tcf19,Zfand6,Tcf19,4,0.9750974656787951,0.02490253432120504,CTRL,True
Pancreas,Spleen,Pancreas_Zfand6,Spleen_Zfand6,Zfand6,Zfand6,4,0.8435414233792233,0.15645857662077667,CTRL,False
Colon,Kidney,Colon_Glp1r,Kidney_Glut1,Glp1r,Glut1,4,-0.3712837322548424,0.6287162677451577,DSS-IL10-KO,False
Colon,Kidney,Colon_Glp1r,Kidney_Insr,Glp1r,Insr,4,0.6516814716965419,0.3483185283034582,DSS-IL10-KO,False
Colon,Kidney,Colon_Glp1r,Kidney_Mafa,Glp1r,Mafa,4,0.2169720077945464,0.7830279922054535,DSS-IL10-KO,False
Colon,Kidney,Colon_Glp1r,Kidney_Zfand6,Glp1r,Zfand6,4,-0.9444707773240169,0.05552922267598315,DSS-IL10-KO,False
Colon,Liver,Colon_Glp1r,Liver_Ghrhr,Glp1r,Ghrhr,4,0.058910931880954434,0.9410890681190456,DSS-IL10-KO,False
Colon,Liver,Colon_Glp1r,Liver_Glut1,Glp1r,Glut1,4,0.8164387901440411,0.18356120985595892,DSS-IL10-KO,False
Colon,Liver,Colon_Glp1r,Liver_Tbc1d4,Glp1r,Tbc1d4,4,0.7979235419237604,0.20207645807623953,DSS-IL10-KO,False
Colon,Liver,Colon_Glp1r,Liver_Tcf19,Glp1r,Tcf19,4,0.5734004143906326,0.4265995856093674,DSS-IL10-KO,False
Colon,Liver,Colon_Glp1r,Liver_Zfand6,Glp1r,Zfand6,4,0.9138447151997263,0.08615528480027379,DSS-IL10-KO,False
Colon,Pancreas,Colon_Glp1r,Pancreas_Glut1,Glp1r,Glut1,4,0.06674548131548738,0.9332545186845127,DSS-IL10-KO,False
Colon,Pancreas,Colon_Glp1r,Pancreas_Ins1,Glp1r,Ins1,3,-0.07746586801054098,0.9506342388668036,DSS-IL10-KO,False
Colon,Pancreas,Colon_Glp1r,Pancreas_Ins2,Glp1r,Ins2,4,-0.7989447551441,0.20105524485589998,DSS-IL10-KO,False
Colon,Pancreas,Colon_Glp1r,Pancreas_Insr,Glp1r,Insr,3,-0.8218964576211696,0.38583233879667916,DSS-IL10-KO,False
Colon,Pancreas,Colon_Glp1r,Pancreas_Mafa,Glp1r,Mafa,4,0.6160903305168077,0.3839096694831923,DSS-IL10-KO,False
Colon,Pancreas,Colon_Glp1r,Pancreas_Srr,Glp1r,Srr,4,-0.39157299353889474,0.6084270064611053,DSS-IL10-KO,False
Colon,Pancreas,Colon_Glp1r,Pancreas_Tbc1d4,Glp1r,Tbc1d4,4,0.749691365376939,0.25030863462306097,DSS-IL10-KO,False
Colon,Pancreas,Colon_Glp1r,Pancreas_Zfand6,Glp1r,Zfand6,4,0.587903552560579,0.4120964474394211,DSS-IL10-KO,False
Colon,Spleen,Colon_Glp1r,Spleen_Glut1,Glp1r,Glut1,4,0.12313491395372984,0.8768650860462701,DSS-IL10-KO,False
Colon,Spleen,Colon_Glp1r,Spleen_Insr,Glp1r,Insr,4,0.1724757759382861,0.827524224061714,DSS-IL10-KO,False
Colon,Spleen,Colon_Glp1r,Spleen_Mafa,Glp1r,Mafa,4,0.05253594426085159,0.9474640557391485,DSS-IL10-KO,False
Colon,Spleen,Colon_Glp1r,Spleen_Tcf19,Glp1r,Tcf19,4,0.6164193173688779,0.3835806826311221,DSS-IL10-KO,False
Colon,Spleen,Colon_Glp1r,Spleen_Zfand6,Glp1r,Zfand6,4,0.7032703364385192,0.2967296635614809,DSS-IL10-KO,False
Colon,Kidney,Colon_Insr,Kidney_Glut1,Insr,Glut1,4,-0.5105679369381892,0.48943206306181075,DSS-IL10-KO,False
Colon,Kidney,Colon_Insr,Kidney_Insr,Insr,Insr,4,0.6382895595967115,0.3617104404032885,DSS-IL10-KO,False
Colon,Kidney,Colon_Insr,Kidney_Mafa,Insr,Mafa,4,0.006489918619146051,0.993510081380854,DSS-IL10-KO,False
Colon,Kidney,Colon_Insr,Kidney_Zfand6,Insr,Zfand6,4,-0.8156001137646771,0.18439988623532289,DSS-IL10-KO,False
Colon,Liver,Colon_Insr,Liver_Ghrhr,Insr,Ghrhr,4,0.0542645679738155,0.9457354320261846,DSS-IL10-KO,False
Colon,Liver,Colon_Insr,Liver_Glut1,Insr,Glut1,4,0.8819069679063885,0.11809303209361155,DSS-IL10-KO,False
Colon,Liver,Colon_Insr,Liver_Tbc1d4,Insr,Tbc1d4,4,0.9370317841961271,0.0629682158038729,DSS-IL10-KO,False
Colon,Liver,Colon_Insr,Liver_Tcf19,Insr,Tcf19,4,0.6466197069185553,0.3533802930814447,DSS-IL10-KO,False
Colon,Liver,Colon_Insr,Liver_Zfand6,Insr,Zfand6,4,0.9380544829377327,0.06194551706226736,DSS-IL10-KO,False
Colon,Pancreas,Colon_Insr,Pancreas_Glut1,Insr,Glut1,4,0.27667146118915914,0.7233285388108408,DSS-IL10-KO,False
Colon,Pancreas,Colon_Insr,Pancreas_Ins1,Insr,Ins1,3,0.24374107520608093,0.8432505845016499,DSS-IL10-KO,False
Colon,Pancreas,Colon_Insr,Pancreas_Ins2,Insr,Ins2,4,-0.6676307370757589,0.33236926292424096,DSS-IL10-KO,False
Colon,Pancreas,Colon_Insr,Pancreas_Insr,Insr,Insr,3,-0.960417541243886,0.17971716216513275,DSS-IL10-KO,False
Colon,Pancreas,Colon_Insr,Pancreas_Mafa,Insr,Mafa,4,0.7131669585913634,0.28683304140863664,DSS-IL10-KO,False
Colon,Pancreas,Colon_Insr,Pancreas_Srr,Insr,Srr,4,-0.1912190556870273,0.8087809443129728,DSS-IL10-KO,False
Colon,Pancreas,Colon_Insr,Pancreas_Tbc1d4,Insr,Tbc1d4,4,0.8754776073229408,0.12452239267705911,DSS-IL10-KO,False
Colon,Pancreas,Colon_Insr,Pancreas_Zfand6,Insr,Zfand6,4,0.7448411584900672,0.25515884150993284,DSS-IL10-KO,False
Colon,Spleen,Colon_Insr,Spleen_Glut1,Insr,Glut1,4,0.18036145893612937,0.8196385410638707,DSS-IL10-KO,False
Colon,Spleen,Colon_Insr,Spleen_Insr,Insr,Insr,4,0.3121388283488425,0.6878611716511576,DSS-IL10-KO,False
Colon,Spleen,Colon_Insr,Spleen_Mafa,Insr,Mafa,4,0.034275974414343595,0.9657240255856565,DSS-IL10-KO,False
Colon,Spleen,Colon_Insr,Spleen_Tcf19,Insr,Tcf19,4,0.5630840842605428,0.4369159157394571,DSS-IL10-KO,False
Colon,Spleen,Colon_Insr,Spleen_Zfand6,Insr,Zfand6,4,0.6443258949663528,0.35567410503364716,DSS-IL10-KO,False
Colon,Kidney,Colon_Mafa,Kidney_Glut1,Mafa,Glut1,4,0.33888545262469216,0.6611145473753077,DSS-IL10-KO,False
Colon,Kidney,Colon_Mafa,Kidney_Insr,Mafa,Insr,4,0.06290107634563391,0.9370989236543661,DSS-IL10-KO,False
Colon,Kidney,Colon_Mafa,Kidney_Mafa,Mafa,Mafa,4,0.05248628381238027,0.9475137161876197,DSS-IL10-KO,False
Colon,Kidney,Colon_Mafa,Kidney_Zfand6,Mafa,Zfand6,4,-0.905491849497586,0.0945081505024139,DSS-IL10-KO,False
Colon,Liver,Colon_Mafa,Liver_Ghrhr,Mafa,Ghrhr,4,-0.4841322754646028,0.5158677245353971,DSS-IL10-KO,False
Colon,Liver,Colon_Mafa,Liver_Glut1,Mafa,Glut1,4,0.22644551759531883,0.7735544824046812,DSS-IL10-KO,False
Colon,Liver,Colon_Mafa,Liver_Tbc1d4,Mafa,Tbc1d4,4,0.290278410263599,0.7097215897364011,DSS-IL10-KO,False
Colon,Liver,Colon_Mafa,Liver_Tcf19,Mafa,Tcf19,4,-0.10214584614796596,0.8978541538520339,DSS-IL10-KO,False
Colon,Liver,Colon_Mafa,Liver_Zfand6,Mafa,Zfand6,4,0.4137334082357777,0.5862665917642222,DSS-IL10-KO,False
Colon,Pancreas,Colon_Mafa,Pancreas_Glut1,Mafa,Glut1,4,-0.6054729731015407,0.3945270268984593,DSS-IL10-KO,False
Colon,Pancreas,Colon_Mafa,Pancreas_Ins1,Mafa,Ins1,3,-0.7350528297559961,0.4743146629049626,DSS-IL10-KO,False
Colon,Pancreas,Colon_Mafa,Pancreas_Ins2,Mafa,Ins2,4,-0.45168415738926554,0.5483158426107344,DSS-IL10-KO,False
Colon,Pancreas,Colon_Mafa,Pancreas_Insr,Mafa,Insr,3,-0.2148431882796527,0.8621519147585205,DSS-IL10-KO,False
Colon,Pancreas,Colon_Mafa,Pancreas_Mafa,Mafa,Mafa,4,0.6480762236335759,0.35192377636642425,DSS-IL10-KO,False
Colon,Pancreas,Colon_Mafa,Pancreas_Srr,Mafa,Srr,4,-0.16971026936134265,0.8302897306386574,DSS-IL10-KO,False
Colon,Pancreas,Colon_Mafa,Pancreas_Tbc1d4,Mafa,Tbc1d4,4,0.14006631116682977,0.8599336888331703,DSS-IL10-KO,False
Colon,Pancreas,Colon_Mafa,Pancreas_Zfand6,Mafa,Zfand6,4,0.4737513833979841,0.5262486166020159,DSS-IL10-KO,False
Colon,Spleen,Colon_Mafa,Spleen_Glut1,Mafa,Glut1,4,0.5238912341422041,0.4761087658577958,DSS-IL10-KO,False
Colon,Spleen,Colon_Mafa,Spleen_Insr,Mafa,Insr,4,0.38542378113875164,0.6145762188612482,DSS-IL10-KO,False
Colon,Spleen,Colon_Mafa,Spleen_Mafa,Mafa,Mafa,4,0.5906110722718143,0.4093889277281857,DSS-IL10-KO,False
Colon,Spleen,Colon_Mafa,Spleen_Tcf19,Mafa,Tcf19,4,0.9104477416763721,0.0895522583236279,DSS-IL10-KO,False
Colon,Spleen,Colon_Mafa,Spleen_Zfand6,Mafa,Zfand6,4,0.9362448685565327,0.06375513144346723,DSS-IL10-KO,False
Colon,Kidney,Colon_Tcf19,Kidney_Glut1,Tcf19,Glut1,4,-0.44687398979485604,0.5531260102051441,DSS-IL10-KO,False
Colon,Kidney,Colon_Tcf19,Kidney_Insr,Tcf19,Insr,4,0.7349482414947537,0.2650517585052463,DSS-IL10-KO,False
Colon,Kidney,Colon_Tcf19,Kidney_Mafa,Tcf19,Mafa,4,0.3148742778577027,0.6851257221422973,DSS-IL10-KO,False
Colon,Kidney,Colon_Tcf19,Kidney_Zfand6,Tcf19,Zfand6,4,-0.9253735013711308,0.07462649862886916,DSS-IL10-KO,False
Colon,Liver,Colon_Tcf19,Liver_Ghrhr,Tcf19,Ghrhr,4,0.1764652421216154,0.8235347578783845,DSS-IL10-KO,False
Colon,Liver,Colon_Tcf19,Liver_Glut1,Tcf19,Glut1,4,0.8571688199532057,0.1428311800467943,DSS-IL10-KO,False
Colon,Liver,Colon_Tcf19,Liver_Tbc1d4,Tcf19,Tbc1d4,4,0.7942750919088171,0.20572490809118293,DSS-IL10-KO,False
Colon,Liver,Colon_Tcf19,Liver_Tcf19,Tcf19,Tcf19,4,0.6497838727592832,0.3502161272407167,DSS-IL10-KO,False
Colon,Liver,Colon_Tcf19,Liver_Zfand6,Tcf19,Zfand6,4,0.9422363338230558,0.057763666176944284,DSS-IL10-KO,False
Colon,Pancreas,Colon_Tcf19,Pancreas_Glut1,Tcf19,Glut1,4,0.13196137477176845,0.8680386252282315,DSS-IL10-KO,False
Colon,Pancreas,Colon_Tcf19,Pancreas_Ins1,Tcf19,Ins1,3,-0.07401120529451446,0.9528398818194608,DSS-IL10-KO,False
Colon,Pancreas,Colon_Tcf19,Pancreas_Ins2,Tcf19,Ins2,4,-0.8609162805987084,0.13908371940129172,DSS-IL10-KO,False
Colon,Pancreas,Colon_Tcf19,Pancreas_Insr,Tcf19,Insr,3,-0.82386509391228,0.38362669584402154,DSS-IL10-KO,False
Colon,Pancreas,Colon_Tcf19,Pancreas_Mafa,Tcf19,Mafa,4,0.5230270813836986,0.4769729186163014,DSS-IL10-KO,False
Colon,Pancreas,Colon_Tcf19,Pancreas_Srr,Tcf19,Srr,4,-0.48436347051638073,0.5156365294836194,DSS-IL10-KO,False
Colon,Pancreas,Colon_Tcf19,Pancreas_Tbc1d4,Tcf19,Tbc1d4,4,0.7775559634488877,0.22244403655111222,DSS-IL10-KO,False
Colon,Pancreas,Colon_Tcf19,Pancreas_Zfand6,Tcf19,Zfand6,4,0.5071264824716835,0.49287351752831654,DSS-IL10-KO,False
Colon,Spleen,Colon_Tcf19,Spleen_Glut1,Tcf19,Glut1,4,0.002815850849620591,0.9971841491503795,DSS-IL10-KO,False
Colon,Spleen,Colon_Tcf19,Spleen_Insr,Tcf19,Insr,4,0.058995384926258096,0.9410046150737419,DSS-IL10-KO,False
Colon,Spleen,Colon_Tcf19,Spleen_Mafa,Tcf19,Mafa,4,-0.06430548710819181,0.9356945128918082,DSS-IL10-KO,False
Colon,Spleen,Colon_Tcf19,Spleen_Tcf19,Tcf19,Tcf19,4,0.5215044160936609,0.47849558390633895,DSS-IL10-KO,False
Colon,Spleen,Colon_Tcf19,Spleen_Zfand6,Tcf19,Zfand6,4,0.6170193655625094,0.38298063443749064,DSS-IL10-KO,False
Colon,Kidney,Colon_Zfand6,Kidney_Glut1,Zfand6,Glut1,4,-0.49709295065590064,0.5029070493440995,DSS-IL10-KO,False
Colon,Kidney,Colon_Zfand6,Kidney_Insr,Zfand6,Insr,4,0.5899556438914633,0.41004435610853673,DSS-IL10-KO,False
Colon,Kidney,Colon_Zfand6,Kidney_Mafa,Zfand6,Mafa,4,-0.07450978885461279,0.9254902111453873,DSS-IL10-KO,False
Colon,Kidney,Colon_Zfand6,Kidney_Zfand6,Zfand6,Zfand6,4,-0.784028305662744,0.21597169433725605,DSS-IL10-KO,False
Colon,Liver,Colon_Zfand6,Liver_Ghrhr,Zfand6,Ghrhr,4,0.003955044485683009,0.9960449555143169,DSS-IL10-KO,False
Colon,Liver,Colon_Zfand6,Liver_Glut1,Zfand6,Glut1,4,0.8619233343815884,0.1380766656184116,DSS-IL10-KO,False
Colon,Liver,Colon_Zfand6,Liver_Tbc1d4,Zfand6,Tbc1d4,4,0.9485308874754903,0.0514691125245097,DSS-IL10-KO,False
Colon,Liver,Colon_Zfand6,Liver_Tcf19,Zfand6,Tcf19,4,0.6176546243046837,0.38234537569531635,DSS-IL10-KO,False
Colon,Liver,Colon_Zfand6,Liver_Zfand6,Zfand6,Zfand6,4,0.9142022326731767,0.08579776732682332,DSS-IL10-KO,False
Colon,Pancreas,Colon_Zfand6,Pancreas_Glut1,Zfand6,Glut1,4,0.285270265981575,0.7147297340184249,DSS-IL10-KO,False
Colon,Pancreas,Colon_Zfand6,Pancreas_Ins1,Zfand6,Ins1,3,0.3090782894313509,0.7999589697848699,DSS-IL10-KO,False
Colon,Pancreas,Colon_Zfand6,Pancreas_Ins2,Zfand6,Ins2,4,-0.604833925275754,0.39516607472424603,DSS-IL10-KO,False
Colon,Pancreas,Colon_Zfand6,Pancreas_Insr,Zfand6,Insr,3,-0.9771261894389189,0.1364255474483525,DSS-IL10-KO,False
Colon,Pancreas,Colon_Zfand6,Pancreas_Mafa,Zfand6,Mafa,4,0.7574297057459876,0.24257029425401244,DSS-IL10-KO,False
Colon,Pancreas,Colon_Zfand6,Pancreas_Srr,Zfand6,Srr,4,-0.11096509977655589,0.8890349002234441,DSS-IL10-KO,False
Colon,Pancreas,Colon_Zfand6,Pancreas_Tbc1d4,Zfand6,Tbc1d4,4,0.872528333449426,0.12747166655057396,DSS-IL10-KO,False
Colon,Pancreas,Colon_Zfand6,Pancreas_Zfand6,Zfand6,Zfand6,4,0.7950026910987238,0.2049973089012762,DSS-IL10-KO,False
Colon,Spleen,Colon_Zfand6,Spleen_Glut1,Zfand6,Glut1,4,0.23773155263755252,0.7622684473624475,DSS-IL10-KO,False
Colon,Spleen,Colon_Zfand6,Spleen_Insr,Zfand6,Insr,4,0.3802062175268588,0.6197937824731412,DSS-IL10-KO,False
Colon,Spleen,Colon_Zfand6,Spleen_Mafa,Zfand6,Mafa,4,0.07829270617797088,0.9217072938220292,DSS-IL10-KO,False
Colon,Spleen,Colon_Zfand6,Spleen_Tcf19,Zfand6,Tcf19,4,0.5818302882622359,0.41816971173776407,DSS-IL10-KO,False
Colon,Spleen,Colon_Zfand6,Spleen_Zfand6,Zfand6,Zfand6,4,0.6569651668084007,0.34303483319159933,DSS-IL10-KO,False
Kidney,Liver,Kidney_Glut1,Liver_Ghrhr,Glut1,Ghrhr,4,-0.7845234604160738,0.2154765395839262,DSS-IL10-KO,False
Kidney,Liver,Kidney_Glut1,Liver_Glut1,Glut1,Glut1,4,-0.8388585215049267,0.16114147849507332,DSS-IL10-KO,False
Kidney,Liver,Kidney_Glut1,Liver_Tbc1d4,Glut1,Tbc1d4,4,-0.7070937769392344,0.29290622306076575,DSS-IL10-KO,False
Kidney,Liver,Kidney_Glut1,Liver_Tcf19,Glut1,Tcf19,4,-0.9613357408397879,0.03866425916021221,DSS-IL10-KO,True
Kidney,Liver,Kidney_Glut1,Liver_Zfand6,Glut1,Zfand6,4,-0.7162331414228241,0.283766858577176,DSS-IL10-KO,False
Kidney,Pancreas,Kidney_Glut1,Pancreas_Glut1,Glut1,Glut1,4,-0.9332625895417795,0.06673741045822057,DSS-IL10-KO,False
Kidney,Pancreas,Kidney_Glut1,Pancreas_Ins1,Glut1,Ins1,3,-0.7137472925576294,0.49399301008778124,DSS-IL10-KO,False
Kidney,Pancreas,Kidney_Glut1,Pancreas_Ins2,Glut1,Ins2,4,0.523106970354043,0.47689302964595703,DSS-IL10-KO,False
Kidney,Pancreas,Kidney_Glut1,Pancreas_Insr,Glut1,Insr,3,0.964747661996459,0.16954041224873614,DSS-IL10-KO,False
Kidney,Pancreas,Kidney_Glut1,Pancreas_Mafa,Glut1,Mafa,4,0.06412450212761028,0.9358754978723898,DSS-IL10-KO,False
Kidney,Pancreas,Kidney_Glut1,Pancreas_Srr,Glut1,Srr,4,0.35484209617751333,0.6451579038224866,DSS-IL10-KO,False
Kidney,Pancreas,Kidney_Glut1,Pancreas_Tbc1d4,Glut1,Tbc1d4,4,-0.8566961375495917,0.14330386245040838,DSS-IL10-KO,False
Kidney,Pancreas,Kidney_Glut1,Pancreas_Zfand6,Glut1,Zfand6,4,-0.13632782076955355,0.8636721792304465,DSS-IL10-KO,False
Kidney,Spleen,Kidney_Glut1,Spleen_Glut1,Glut1,Glut1,4,0.5886596032133925,0.4113403967866076,DSS-IL10-KO,False
Kidney,Spleen,Kidney_Glut1,Spleen_Insr,Glut1,Insr,4,0.33214272589959015,0.6678572741004098,DSS-IL10-KO,False
Kidney,Spleen,Kidney_Glut1,Spleen_Mafa,Glut1,Mafa,4,0.7734927850309321,0.2265072149690679,DSS-IL10-KO,False
Kidney,Spleen,Kidney_Glut1,Spleen_Tcf19,Glut1,Tcf19,4,0.41591845295979885,0.5840815470402012,DSS-IL10-KO,False
Kidney,Spleen,Kidney_Glut1,Spleen_Zfand6,Glut1,Zfand6,4,0.3269394474814027,0.6730605525185973,DSS-IL10-KO,False
Kidney,Liver,Kidney_Insr,Liver_Ghrhr,Insr,Ghrhr,4,0.7932065032767486,0.20679349672325142,DSS-IL10-KO,False
Kidney,Liver,Kidney_Insr,Liver_Glut1,Insr,Glut1,4,0.9018494703125315,0.09815052968746851,DSS-IL10-KO,False
Kidney,Liver,Kidney_Insr,Liver_Tbc1d4,Insr,Tbc1d4,4,0.6545658130751164,0.3454341869248836,DSS-IL10-KO,False
Kidney,Liver,Kidney_Insr,Liver_Tcf19,Insr,Tcf19,4,0.9583347421258016,0.0416652578741985,DSS-IL10-KO,True
Kidney,Liver,Kidney_Insr,Liver_Zfand6,Insr,Zfand6,4,0.8654724861355887,0.1345275138644113,DSS-IL10-KO,False
Kidney,Pancreas,Kidney_Insr,Pancreas_Glut1,Insr,Glut1,4,0.6110731468809434,0.3889268531190566,DSS-IL10-KO,False
Kidney,Pancreas,Kidney_Insr,Pancreas_Ins1,Insr,Ins1,3,0.1723631128786381,0.8897195117056996,DSS-IL10-KO,False
Kidney,Pancreas,Kidney_Insr,Pancreas_Ins2,Insr,Ins2,4,-0.8898684216931845,0.11013157830681553,DSS-IL10-KO,False
Kidney,Pancreas,Kidney_Insr,Pancreas_Insr,Insr,Insr,3,-0.9375448556312596,0.226186089369182,DSS-IL10-KO,False
Kidney,Pancreas,Kidney_Insr,Pancreas_Mafa,Insr,Mafa,4,-0.08009892478153818,0.9199010752184618,DSS-IL10-KO,False
Kidney,Pancreas,Kidney_Insr,Pancreas_Srr,Insr,Srr,4,-0.742631387093351,0.25736861290664903,DSS-IL10-KO,False
Kidney,Pancreas,Kidney_Insr,Pancreas_Tbc1d4,Insr,Tbc1d4,4,0.8121754863465659,0.187824513653434,DSS-IL10-KO,False
Kidney,Pancreas,Kidney_Insr,Pancreas_Zfand6,Insr,Zfand6,4,0.019249790600534056,0.980750209399466,DSS-IL10-KO,False
Kidney,Spleen,Kidney_Insr,Spleen_Glut1,Insr,Glut1,4,-0.6419159698220023,0.3580840301779977,DSS-IL10-KO,False
Kidney,Spleen,Kidney_Insr,Spleen_Insr,Insr,Insr,4,-0.505378546353447,0.49462145364655297,DSS-IL10-KO,False
Kidney,Spleen,Kidney_Insr,Spleen_Mafa,Insr,Mafa,4,-0.7230676586428652,0.27693234135713496,DSS-IL10-KO,False
Kidney,Spleen,Kidney_Insr,Spleen_Tcf19,Insr,Tcf19,4,-0.19518453591861062,0.8048154640813894,DSS-IL10-KO,False
Kidney,Spleen,Kidney_Insr,Spleen_Zfand6,Insr,Zfand6,4,-0.08013755814053103,0.919862441859469,DSS-IL10-KO,False
Kidney,Liver,Kidney_Mafa,Liver_Ghrhr,Mafa,Ghrhr,4,0.7250282031240731,0.2749717968759269,DSS-IL10-KO,False
Kidney,Liver,Kidney_Mafa,Liver_Glut1,Mafa,Glut1,4,0.27536754954097614,0.7246324504590238,DSS-IL10-KO,False
Kidney,Liver,Kidney_Mafa,Liver_Tbc1d4,Mafa,Tbc1d4,4,-0.1250190195483497,0.8749809804516504,DSS-IL10-KO,False
Kidney,Liver,Kidney_Mafa,Liver_Tcf19,Mafa,Tcf19,4,0.43216961370411106,0.5678303862958889,DSS-IL10-KO,False
Kidney,Liver,Kidney_Mafa,Liver_Zfand6,Mafa,Zfand6,4,0.29183049853211873,0.7081695014678813,DSS-IL10-KO,False
Kidney,Pancreas,Kidney_Mafa,Pancreas_Glut1,Mafa,Glut1,4,0.03189200185603317,0.9681079981439669,DSS-IL10-KO,False
Kidney,Pancreas,Kidney_Mafa,Pancreas_Ins1,Mafa,Ins1,3,-0.7563527199714835,0.4539587973448525,DSS-IL10-KO,False
Kidney,Pancreas,Kidney_Mafa,Pancreas_Ins2,Mafa,Ins2,4,-0.7484364628576726,0.2515635371423275,DSS-IL10-KO,False
Kidney,Pancreas,Kidney_Mafa,Pancreas_Insr,Mafa,Insr,3,-0.18351043292376784,0.8825077803186303,DSS-IL10-KO,False
Kidney,Pancreas,Kidney_Mafa,Pancreas_Mafa,Mafa,Mafa,4,-0.6203873267843061,0.3796126732156939,DSS-IL10-KO,False
Kidney,Pancreas,Kidney_Mafa,Pancreas_Srr,Mafa,Srr,4,-0.9827120255634768,0.01728797443652308,DSS-IL10-KO,True
Kidney,Pancreas,Kidney_Mafa,Pancreas_Tbc1d4,Mafa,Tbc1d4,4,0.07923372813953479,0.9207662718604652,DSS-IL10-KO,False
Kidney,Pancreas,Kidney_Mafa,Pancreas_Zfand6,Mafa,Zfand6,4,-0.6576848746157101,0.34231512538428976,DSS-IL10-KO,False
Kidney,Spleen,Kidney_Mafa,Spleen_Glut1,Mafa,Glut1,4,-0.8020830840768945,0.19791691592310556,DSS-IL10-KO,False
Kidney,Spleen,Kidney_Mafa,Spleen_Insr,Mafa,Insr,4,-0.8981733744950496,0.10182662550495047,DSS-IL10-KO,False
Kidney,Spleen,Kidney_Mafa,Spleen_Mafa,Mafa,Mafa,4,-0.6601475251389202,0.33985247486107983,DSS-IL10-KO,False
Kidney,Spleen,Kidney_Mafa,Spleen_Tcf19,Mafa,Tcf19,4,-0.36499594721829165,0.6350040527817082,DSS-IL10-KO,False
Kidney,Spleen,Kidney_Mafa,Spleen_Zfand6,Mafa,Zfand6,4,-0.2874090183470773,0.7125909816529226,DSS-IL10-KO,False
Kidney,Liver,Kidney_Zfand6,Liver_Ghrhr,Zfand6,Ghrhr,4,0.10293774136804396,0.8970622586319561,DSS-IL10-KO,False
Kidney,Liver,Kidney_Zfand6,Liver_Glut1,Zfand6,Glut1,4,-0.5979865696118254,0.4020134303881746,DSS-IL10-KO,False
Kidney,Liver,Kidney_Zfand6,Liver_Tbc1d4,Zfand6,Tbc1d4,4,-0.5635284641183279,0.436471535881672,DSS-IL10-KO,False
Kidney,Liver,Kidney_Zfand6,Liver_Tcf19,Zfand6,Tcf19,4,-0.32588463271753176,0.6741153672824682,DSS-IL10-KO,False
Kidney,Liver,Kidney_Zfand6,Liver_Zfand6,Zfand6,Zfand6,4,-0.7450473553850929,0.2549526446149071,DSS-IL10-KO,False
Kidney,Pancreas,Kidney_Zfand6,Pancreas_Glut1,Zfand6,Glut1,4,0.2534243855113259,0.7465756144886742,DSS-IL10-KO,False
Kidney,Pancreas,Kidney_Zfand6,Pancreas_Ins1,Zfand6,Ins1,3,0.41927994785177347,0.7245651562810062,DSS-IL10-KO,False
Kidney,Pancreas,Kidney_Zfand6,Pancreas_Ins2,Zfand6,Ins2,4,0.7633003994759966,0.2366996005240034,DSS-IL10-KO,False
Kidney,Pancreas,Kidney_Zfand6,Pancreas_Insr,Zfand6,Insr,3,0.5725590857984444,0.6119014213824767,DSS-IL10-KO,False
Kidney,Pancreas,Kidney_Zfand6,Pancreas_Mafa,Zfand6,Mafa,4,-0.5690105000753987,0.43098949992460134,DSS-IL10-KO,False
Kidney,Pancreas,Kidney_Zfand6,Pancreas_Srr,Zfand6,Srr,4,0.4340558306915763,0.5659441693084237,DSS-IL10-KO,False
Kidney,Pancreas,Kidney_Zfand6,Pancreas_Tbc1d4,Zfand6,Tbc1d4,4,-0.49209014421805164,0.5079098557819484,DSS-IL10-KO,False
Kidney,Pancreas,Kidney_Zfand6,Pancreas_Zfand6,Zfand6,Zfand6,4,-0.4635102205291039,0.536489779470896,DSS-IL10-KO,False
Kidney,Spleen,Kidney_Zfand6,Spleen_Glut1,Zfand6,Glut1,4,-0.21192311114787865,0.7880768888521215,DSS-IL10-KO,False
Kidney,Spleen,Kidney_Zfand6,Spleen_Insr,Zfand6,Insr,4,-0.15845558482290656,0.8415444151770934,DSS-IL10-KO,False
Kidney,Spleen,Kidney_Zfand6,Spleen_Mafa,Zfand6,Mafa,4,-0.2251042405057444,0.7748957594942556,DSS-IL10-KO,False
Kidney,Spleen,Kidney_Zfand6,Spleen_Tcf19,Zfand6,Tcf19,4,-0.7321360624988054,0.26786393750119464,DSS-IL10-KO,False
Kidney,Spleen,Kidney_Zfand6,Spleen_Zfand6,Zfand6,Zfand6,4,-0.8032520420736801,0.19674795792631983,DSS-IL10-KO,False
Liver,Pancreas,Liver_Ghrhr,Pancreas_Glut1,Ghrhr,Glut1,4,0.696619626071187,0.303380373928813,DSS-IL10-KO,False
Liver,Pancreas,Liver_Ghrhr,Pancreas_Ins1,Ghrhr,Ins1,3,0.4045246722297113,0.7348739545683002,DSS-IL10-KO,False
Liver,Pancreas,Liver_Ghrhr,Pancreas_Ins2,Ghrhr,Ins2,4,-0.5592918832809171,0.44070811671908294,DSS-IL10-KO,False
Liver,Pancreas,Liver_Ghrhr,Pancreas_Insr,Ghrhr,Insr,3,-0.9937276841428269,0.07134053223178384,DSS-IL10-KO,False
Liver,Pancreas,Liver_Ghrhr,Pancreas_Mafa,Ghrhr,Mafa,4,-0.6322741651327668,0.3677258348672332,DSS-IL10-KO,False
Liver,Pancreas,Liver_Ghrhr,Pancreas_Srr,Ghrhr,Srr,4,-0.7144726974027067,0.2855273025972933,DSS-IL10-KO,False
Liver,Pancreas,Liver_Ghrhr,Pancreas_Tbc1d4,Ghrhr,Tbc1d4,4,0.42890999753013836,0.5710900024698615,DSS-IL10-KO,False
Liver,Pancreas,Liver_Ghrhr,Pancreas_Zfand6,Ghrhr,Zfand6,4,-0.4940720529454266,0.5059279470545734,DSS-IL10-KO,False
Liver,Spleen,Liver_Ghrhr,Spleen_Glut1,Ghrhr,Glut1,4,-0.9622736323136258,0.03772636768637416,DSS-IL10-KO,True
Liver,Spleen,Liver_Ghrhr,Spleen_Insr,Ghrhr,Insr,4,-0.8439994800090275,0.15600051999097264,DSS-IL10-KO,False
Liver,Spleen,Liver_Ghrhr,Spleen_Mafa,Ghrhr,Mafa,4,-0.9920146971346058,0.007985302865394228,DSS-IL10-KO,True
Liver,Spleen,Liver_Ghrhr,Spleen_Tcf19,Ghrhr,Tcf19,4,-0.7446729367636477,0.25532706323635246,DSS-IL10-KO,False
Liver,Spleen,Liver_Ghrhr,Spleen_Zfand6,Ghrhr,Zfand6,4,-0.6619994023114059,0.33800059768859425,DSS-IL10-KO,False
Liver,Pancreas,Liver_Glut1,Pancreas_Glut1,Glut1,Glut1,4,0.6235272083860206,0.3764727916139794,DSS-IL10-KO,False
Liver,Pancreas,Liver_Glut1,Pancreas_Ins1,Glut1,Ins1,3,0.36848851808194016,0.7597507728615334,DSS-IL10-KO,False
Liver,Pancreas,Liver_Glut1,Pancreas_Ins2,Glut1,Ins2,4,-0.7803240439396045,0.21967595606039536,DSS-IL10-KO,False
Liver,Pancreas,Liver_Glut1,Pancreas_Insr,Glut1,Insr,3,-0.9886003980886493,0.0962173505250168,DSS-IL10-KO,False
Liver,Pancreas,Liver_Glut1,Pancreas_Mafa,Glut1,Mafa,4,0.33767933755015017,0.6623206624498499,DSS-IL10-KO,False
Liver,Pancreas,Liver_Glut1,Pancreas_Srr,Glut1,Srr,4,-0.429253360523833,0.5707466394761669,DSS-IL10-KO,False
Liver,Pancreas,Liver_Glut1,Pancreas_Tbc1d4,Glut1,Tbc1d4,4,0.9766175715539843,0.02338242844601579,DSS-IL10-KO,True
Liver,Pancreas,Liver_Glut1,Pancreas_Zfand6,Glut1,Zfand6,4,0.4476290725150381,0.552370927484962,DSS-IL10-KO,False
Liver,Spleen,Liver_Glut1,Spleen_Glut1,Glut1,Glut1,4,-0.27704409543742076,0.7229559045625793,DSS-IL10-KO,False
Liver,Spleen,Liver_Glut1,Spleen_Insr,Glut1,Insr,4,-0.08486763407050874,0.9151323659294912,DSS-IL10-KO,False
Liver,Spleen,Liver_Glut1,Spleen_Mafa,Glut1,Mafa,4,-0.4379178492114099,0.56208215078859,DSS-IL10-KO,False
Liver,Spleen,Liver_Glut1,Spleen_Tcf19,Glut1,Tcf19,4,0.11117826760175986,0.8888217323982401,DSS-IL10-KO,False
Liver,Spleen,Liver_Glut1,Spleen_Zfand6,Glut1,Zfand6,4,0.2162258748212188,0.7837741251787813,DSS-IL10-KO,False
Liver,Pancreas,Liver_Tbc1d4,Pancreas_Glut1,Tbc1d4,Glut1,4,0.5662183445340023,0.4337816554659977,DSS-IL10-KO,False
Liver,Pancreas,Liver_Tbc1d4,Pancreas_Ins1,Tbc1d4,Ins1,3,0.5661571731674189,0.6168590430935691,DSS-IL10-KO,False
Liver,Pancreas,Liver_Tbc1d4,Pancreas_Ins2,Tbc1d4,Ins2,4,-0.5204040558426414,0.47959594415735873,DSS-IL10-KO,False
Liver,Pancreas,Liver_Tbc1d4,Pancreas_Insr,Tbc1d4,Insr,3,-0.9973135898788249,0.04667437924294635,DSS-IL10-KO,True
Liver,Pancreas,Liver_Tbc1d4,Pancreas_Mafa,Tbc1d4,Mafa,4,0.6474656610424085,0.35253433895759145,DSS-IL10-KO,False
Liver,Pancreas,Liver_Tbc1d4,Pancreas_Srr,Tbc1d4,Srr,4,-0.04711732522562104,0.952882674774379,DSS-IL10-KO,False
Liver,Pancreas,Liver_Tbc1d4,Pancreas_Tbc1d4,Tbc1d4,Tbc1d4,4,0.9653168367254343,0.034683163274565665,DSS-IL10-KO,True
Liver,Pancreas,Liver_Tbc1d4,Pancreas_Zfand6,Tbc1d4,Zfand6,4,0.7591844921450557,0.24081550785494432,DSS-IL10-KO,False
Liver,Spleen,Liver_Tbc1d4,Spleen_Glut1,Tbc1d4,Glut1,4,0.09056589267268872,0.9094341073273113,DSS-IL10-KO,False
Liver,Spleen,Liver_Tbc1d4,Spleen_Insr,Tbc1d4,Insr,4,0.3122271788797175,0.6877728211202825,DSS-IL10-KO,False
Liver,Spleen,Liver_Tbc1d4,Spleen_Mafa,Tbc1d4,Mafa,4,-0.12412810365880991,0.87587189634119,DSS-IL10-KO,False
Liver,Spleen,Liver_Tbc1d4,Spleen_Tcf19,Tbc1d4,Tcf19,4,0.3365451342082181,0.663454865791782,DSS-IL10-KO,False
Liver,Spleen,Liver_Tbc1d4,Spleen_Zfand6,Tbc1d4,Zfand6,4,0.4131329483566242,0.5868670516433758,DSS-IL10-KO,False
Liver,Pancreas,Liver_Tcf19,Pancreas_Glut1,Tcf19,Glut1,4,0.7982743279707738,0.2017256720292262,DSS-IL10-KO,False
Liver,Pancreas,Liver_Tcf19,Pancreas_Ins1,Tcf19,Ins1,3,0.47135476042928187,0.6875303005101394,DSS-IL10-KO,False
Liver,Pancreas,Liver_Tcf19,Pancreas_Ins2,Tcf19,Ins2,4,-0.7352876006379432,0.2647123993620568,DSS-IL10-KO,False
Liver,Pancreas,Liver_Tcf19,Pancreas_Insr,Tcf19,Insr,3,-0.999289657451936,0.023996878173621807,DSS-IL10-KO,True
Liver,Pancreas,Liver_Tcf19,Pancreas_Mafa,Tcf19,Mafa,4,-0.00676095581052405,0.9932390441894761,DSS-IL10-KO,False
Liver,Pancreas,Liver_Tcf19,Pancreas_Srr,Tcf19,Srr,4,-0.5371049261208845,0.46289507387911555,DSS-IL10-KO,False
Liver,Pancreas,Liver_Tcf19,Pancreas_Tbc1d4,Tcf19,Tbc1d4,4,0.8991734655244045,0.10082653447559542,DSS-IL10-KO,False
Liver,Pancreas,Liver_Tcf19,Pancreas_Zfand6,Tcf19,Zfand6,4,0.1481094850062445,0.8518905149937555,DSS-IL10-KO,False
Liver,Spleen,Liver_Tcf19,Spleen_Glut1,Tcf19,Glut1,4,-0.5855958900714303,0.4144041099285696,DSS-IL10-KO,False
Liver,Spleen,Liver_Tcf19,Spleen_Insr,Tcf19,Insr,4,-0.3751507144598097,0.6248492855401904,DSS-IL10-KO,False
Liver,Spleen,Liver_Tcf19,Spleen_Mafa,Tcf19,Mafa,4,-0.734139538708802,0.2658604612911981,DSS-IL10-KO,False
Liver,Spleen,Liver_Tcf19,Spleen_Tcf19,Tcf19,Tcf19,4,-0.2606977992003522,0.7393022007996479,DSS-IL10-KO,False
Liver,Spleen,Liver_Tcf19,Spleen_Zfand6,Tcf19,Zfand6,4,-0.15457624962650285,0.8454237503734972,DSS-IL10-KO,False
Liver,Pancreas,Liver_Zfand6,Pancreas_Glut1,Zfand6,Glut1,4,0.4563542549860071,0.5436457450139929,DSS-IL10-KO,False
Liver,Pancreas,Liver_Zfand6,Pancreas_Ins1,Zfand6,Ins1,3,0.2166871416490151,0.8609496995469798,DSS-IL10-KO,False
Liver,Pancreas,Liver_Zfand6,Pancreas_Ins2,Zfand6,Ins2,4,-0.8342854861549596,0.16571451384504043,DSS-IL10-KO,False
Liver,Pancreas,Liver_Zfand6,Pancreas_Insr,Zfand6,Insr,3,-0.9523028263997854,0.19741627721046218,DSS-IL10-KO,False
Liver,Pancreas,Liver_Zfand6,Pancreas_Mafa,Zfand6,Mafa,4,0.42819304136790215,0.5718069586320977,DSS-IL10-KO,False
Liver,Pancreas,Liver_Zfand6,Pancreas_Srr,Zfand6,Srr,4,-0.4577849057137304,0.5422150942862696,DSS-IL10-KO,False
Liver,Pancreas,Liver_Zfand6,Pancreas_Tbc1d4,Zfand6,Tbc1d4,4,0.9358610094947365,0.0641389905052634,DSS-IL10-KO,False
Liver,Pancreas,Liver_Zfand6,Pancreas_Zfand6,Zfand6,Zfand6,4,0.4938767091760212,0.5061232908239788,DSS-IL10-KO,False
Liver,Spleen,Liver_Zfand6,Spleen_Glut1,Zfand6,Glut1,4,-0.17158293455321405,0.828417065446786,DSS-IL10-KO,False
Liver,Spleen,Liver_Zfand6,Spleen_Insr,Zfand6,Insr,4,-0.023928449436153604,0.9760715505638464,DSS-IL10-KO,False
Liver,Spleen,Liver_Zfand6,Spleen_Mafa,Zfand6,Mafa,4,-0.3035518466448989,0.696448153355101,DSS-IL10-KO,False
Liver,Spleen,Liver_Zfand6,Spleen_Tcf19,Zfand6,Tcf19,4,0.27792317973074454,0.7220768202692556,DSS-IL10-KO,False
Liver,Spleen,Liver_Zfand6,Spleen_Zfand6,Zfand6,Zfand6,4,0.38254819456305533,0.6174518054369447,DSS-IL10-KO,False
Pancreas,Spleen,Pancreas_Glut1,Spleen_Glut1,Glut1,Glut1,4,-0.519498867864163,0.480501132135837,DSS-IL10-KO,False
Pancreas,Spleen,Pancreas_Glut1,Spleen_Insr,Glut1,Insr,4,-0.2323457166855865,0.7676542833144135,DSS-IL10-KO,False
Pancreas,Spleen,Pancreas_Glut1,Spleen_Mafa,Glut1,Mafa,4,-0.7309020458047663,0.26909795419523386,DSS-IL10-KO,False
Pancreas,Spleen,Pancreas_Glut1,Spleen_Tcf19,Glut1,Tcf19,4,-0.5656995332441563,0.43430046675584366,DSS-IL10-KO,False
Pancreas,Spleen,Pancreas_Glut1,Spleen_Zfand6,Glut1,Zfand6,4,-0.5095554835069278,0.4904445164930722,DSS-IL10-KO,False
Pancreas,Spleen,Pancreas_Ins1,Spleen_Glut1,Ins1,Glut1,3,0.03098838886780883,0.9802690201949671,DSS-IL10-KO,False
Pancreas,Spleen,Pancreas_Ins1,Spleen_Insr,Ins1,Insr,3,0.8970107580481561,0.2914679460961911,DSS-IL10-KO,False
Pancreas,Spleen,Pancreas_Ins1,Spleen_Mafa,Ins1,Mafa,3,-0.6257593044390171,0.5695784432718557,DSS-IL10-KO,False
Pancreas,Spleen,Pancreas_Ins1,Spleen_Tcf19,Ins1,Tcf19,3,-0.6928531513377012,0.5127068106575355,DSS-IL10-KO,False
Pancreas,Spleen,Pancreas_Ins1,Spleen_Zfand6,Ins1,Zfand6,3,-0.5680242782992048,0.6154159192385686,DSS-IL10-KO,False
Pancreas,Spleen,Pancreas_Ins2,Spleen_Glut1,Ins2,Glut1,4,0.4639326253941938,0.5360673746058062,DSS-IL10-KO,False
Pancreas,Spleen,Pancreas_Ins2,Spleen_Insr,Ins2,Insr,4,0.45431902673012026,0.5456809732698797,DSS-IL10-KO,False
Pancreas,Spleen,Pancreas_Ins2,Spleen_Mafa,Ins2,Mafa,4,0.45083697605509065,0.5491630239449092,DSS-IL10-KO,False
Pancreas,Spleen,Pancreas_Ins2,Spleen_Tcf19,Ins2,Tcf19,4,-0.11904207201254058,0.8809579279874593,DSS-IL10-KO,False
Pancreas,Spleen,Pancreas_Ins2,Spleen_Zfand6,Ins2,Zfand6,4,-0.22985502888376624,0.7701449711162338,DSS-IL10-KO,False
Pancreas,Spleen,Pancreas_Insr,Spleen_Glut1,Insr,Glut1,3,0.8475132656906689,0.3561975574685158,DSS-IL10-KO,False
Pancreas,Spleen,Pancreas_Insr,Spleen_Insr,Insr,Insr,3,-0.07062484176974354,0.9550013684327083,DSS-IL10-KO,False
Pancreas,Spleen,Pancreas_Insr,Spleen_Mafa,Insr,Mafa,3,0.9891292143597058,0.09395497906466216,DSS-IL10-KO,False
Pancreas,Spleen,Pancreas_Insr,Spleen_Tcf19,Insr,Tcf19,3,-0.27331494405147894,0.8237597670059473,DSS-IL10-KO,False
Pancreas,Spleen,Pancreas_Insr,Spleen_Zfand6,Insr,Zfand6,3,-0.4242854126111911,0.7210506584249138,DSS-IL10-KO,False
Pancreas,Spleen,Pancreas_Mafa,Spleen_Glut1,Mafa,Glut1,4,0.8108573199528695,0.18914268004713053,DSS-IL10-KO,False
Pancreas,Spleen,Pancreas_Mafa,Spleen_Insr,Mafa,Insr,4,0.8816287750095574,0.1183712249904425,DSS-IL10-KO,False
Pancreas,Spleen,Pancreas_Mafa,Spleen_Mafa,Mafa,Mafa,4,0.6752867051290399,0.3247132948709601,DSS-IL10-KO,False
Pancreas,Spleen,Pancreas_Mafa,Spleen_Tcf19,Mafa,Tcf19,4,0.8667353189813519,0.1332646810186482,DSS-IL10-KO,False
Pancreas,Spleen,Pancreas_Mafa,Spleen_Zfand6,Mafa,Zfand6,4,0.8661503943051243,0.1338496056948757,DSS-IL10-KO,False
Pancreas,Spleen,Pancreas_Srr,Spleen_Glut1,Srr,Glut1,4,0.7479797707598006,0.2520202292401994,DSS-IL10-KO,False
Pancreas,Spleen,Pancreas_Srr,Spleen_Insr,Srr,Insr,4,0.8206953455811454,0.17930465441885457,DSS-IL10-KO,False
Pancreas,Spleen,Pancreas_Srr,Spleen_Mafa,Srr,Mafa,4,0.6337639590893421,0.36623604091065776,DSS-IL10-KO,False
Pancreas,Spleen,Pancreas_Srr,Spleen_Tcf19,Srr,Tcf19,4,0.24642944175298126,0.7535705582470187,DSS-IL10-KO,False
Pancreas,Spleen,Pancreas_Srr,Spleen_Zfand6,Srr,Zfand6,4,0.15560066716067367,0.8443993328393264,DSS-IL10-KO,False
Pancreas,Spleen,Pancreas_Tbc1d4,Spleen_Glut1,Tbc1d4,Glut1,4,-0.1723065360194278,0.8276934639805722,DSS-IL10-KO,False
Pancreas,Spleen,Pancreas_Tbc1d4,Spleen_Insr,Tbc1d4,Insr,4,0.06204541980347508,0.937954580196525,DSS-IL10-KO,False
Pancreas,Spleen,Pancreas_Tbc1d4,Spleen_Mafa,Tbc1d4,Mafa,4,-0.3768564603884571,0.6231435396115428,DSS-IL10-KO,False
Pancreas,Spleen,Pancreas_Tbc1d4,Spleen_Tcf19,Tbc1d4,Tcf19,4,0.11259123100179688,0.8874087689982031,DSS-IL10-KO,False
Pancreas,Spleen,Pancreas_Tbc1d4,Spleen_Zfand6,Tbc1d4,Zfand6,4,0.20497301524537756,0.7950269847546225,DSS-IL10-KO,False
Pancreas,Spleen,Pancreas_Zfand6,Spleen_Glut1,Zfand6,Glut1,4,0.7114532554984488,0.28854674450155127,DSS-IL10-KO,False
Pancreas,Spleen,Pancreas_Zfand6,Spleen_Insr,Zfand6,Insr,4,0.8529429719132874,0.14705702808671273,DSS-IL10-KO,False
Pancreas,Spleen,Pancreas_Zfand6,Spleen_Mafa,Zfand6,Mafa,4,0.5224170359851151,0.47758296401488476,DSS-IL10-KO,False
Pancreas,Spleen,Pancreas_Zfand6,Spleen_Tcf19,Zfand6,Tcf19,4,0.7221837176845536,0.2778162823154464,DSS-IL10-KO,False
Pancreas,Spleen,Pancreas_Zfand6,Spleen_Zfand6,Zfand6,Zfand6,4,0.7290576911261766,0.2709423088738234,DSS-IL10-KO,False
Colon,Kidney,Colon_Glp1r,Kidney_Glut1,Glp1r,Glut1,4,0.03405962934982487,0.9659403706501752,IL10-KO,False
Colon,Kidney,Colon_Glp1r,Kidney_Insr,Glp1r,Insr,4,-0.2519843326162482,0.7480156673837519,IL10-KO,False
Colon,Kidney,Colon_Glp1r,Kidney_Mafa,Glp1r,Mafa,4,-0.4433849397469891,0.5566150602530109,IL10-KO,False
Colon,Kidney,Colon_Glp1r,Kidney_Zfand6,Glp1r,Zfand6,4,-0.6590773697764576,0.3409226302235424,IL10-KO,False
Colon,Liver,Colon_Glp1r,Liver_Ghrhr,Glp1r,Ghrhr,4,-0.4275114602766311,0.572488539723369,IL10-KO,False
Colon,Liver,Colon_Glp1r,Liver_Glut1,Glp1r,Glut1,4,0.44296376291729556,0.5570362370827044,IL10-KO,False
Colon,Liver,Colon_Glp1r,Liver_Tbc1d4,Glp1r,Tbc1d4,4,-0.7713358072329393,0.22866419276706074,IL10-KO,False
Colon,Liver,Colon_Glp1r,Liver_Tcf19,Glp1r,Tcf19,4,-0.6565912320805612,0.34340876791943886,IL10-KO,False
Colon,Liver,Colon_Glp1r,Liver_Zfand6,Glp1r,Zfand6,4,-0.13315048097425608,0.8668495190257439,IL10-KO,False
Colon,Pancreas,Colon_Glp1r,Pancreas_Glut1,Glp1r,Glut1,4,0.19534664614843214,0.8046533538515679,IL10-KO,False
Colon,Pancreas,Colon_Glp1r,Pancreas_Ins2,Glp1r,Ins2,4,0.9632566618920891,0.03674333810791097,IL10-KO,True
Colon,Pancreas,Colon_Glp1r,Pancreas_Insr,Glp1r,Insr,4,0.4270726789763769,0.5729273210236232,IL10-KO,False
Colon,Pancreas,Colon_Glp1r,Pancreas_Mafa,Glp1r,Mafa,4,-0.626632131789864,0.373367868210136,IL10-KO,False
Colon,Pancreas,Colon_Glp1r,Pancreas_Srr,Glp1r,Srr,4,-0.7298997882741782,0.27010021172582177,IL10-KO,False
Colon,Pancreas,Colon_Glp1r,Pancreas_Tbc1d4,Glp1r,Tbc1d4,4,0.8269685835763616,0.1730314164236384,IL10-KO,False
Colon,Pancreas,Colon_Glp1r,Pancreas_Zfand6,Glp1r,Zfand6,4,0.9466428993564516,0.05335710064354826,IL10-KO,False
Colon,Spleen,Colon_Glp1r,Spleen_Glut1,Glp1r,Glut1,4,0.8865304593024856,0.11346954069751436,IL10-KO,False
Colon,Spleen,Colon_Glp1r,Spleen_Insr,Glp1r,Insr,4,0.6881079090865675,0.3118920909134326,IL10-KO,False
Colon,Spleen,Colon_Glp1r,Spleen_Mafa,Glp1r,Mafa,4,0.9956899779940711,0.004310022005928893,IL10-KO,True
Colon,Spleen,Colon_Glp1r,Spleen_Tcf19,Glp1r,Tcf19,4,0.8600524736414832,0.13994752635851682,IL10-KO,False
Colon,Spleen,Colon_Glp1r,Spleen_Zfand6,Glp1r,Zfand6,4,0.8572726252605473,0.14272737473945263,IL10-KO,False
Colon,Kidney,Colon_Insr,Kidney_Glut1,Insr,Glut1,4,0.6696516908140547,0.33034830918594515,IL10-KO,False
Colon,Kidney,Colon_Insr,Kidney_Insr,Insr,Insr,4,0.994751869640394,0.00524813035960614,IL10-KO,True
Colon,Kidney,Colon_Insr,Kidney_Mafa,Insr,Mafa,4,0.9782679028589562,0.021732097141043738,IL10-KO,True
Colon,Kidney,Colon_Insr,Kidney_Zfand6,Insr,Zfand6,4,0.9060971676134342,0.09390283238656583,IL10-KO,False
Colon,Liver,Colon_Insr,Liver_Ghrhr,Insr,Ghrhr,4,0.07645279496452878,0.9235472050354712,IL10-KO,False
Colon,Liver,Colon_Insr,Liver_Glut1,Insr,Glut1,4,0.33964681621079174,0.6603531837892083,IL10-KO,False
Colon,Liver,Colon_Insr,Liver_Tbc1d4,Insr,Tbc1d4,4,0.6419575699099767,0.35804243009002334,IL10-KO,False
Colon,Liver,Colon_Insr,Liver_Tcf19,Insr,Tcf19,4,0.9070869768539805,0.09291302314601957,IL10-KO,False
Colon,Liver,Colon_Insr,Liver_Zfand6,Insr,Zfand6,4,0.6980707123266753,0.3019292876733246,IL10-KO,False
Colon,Pancreas,Colon_Insr,Pancreas_Glut1,Insr,Glut1,4,-0.32015803292389156,0.6798419670761084,IL10-KO,False
Colon,Pancreas,Colon_Insr,Pancreas_Ins2,Insr,Ins2,4,-0.4344625964272272,0.5655374035727729,IL10-KO,False
Colon,Pancreas,Colon_Insr,Pancreas_Insr,Insr,Insr,4,-0.9661955815332317,0.03380441846676829,IL10-KO,True
Colon,Pancreas,Colon_Insr,Pancreas_Mafa,Insr,Mafa,4,0.8369348760834421,0.16306512391655792,IL10-KO,False
Colon,Pancreas,Colon_Insr,Pancreas_Srr,Insr,Srr,4,-0.3808861768096874,0.6191138231903126,IL10-KO,False
Colon,Pancreas,Colon_Insr,Pancreas_Tbc1d4,Insr,Tbc1d4,4,-0.8092916166017168,0.19070838339828322,IL10-KO,False
Colon,Pancreas,Colon_Insr,Pancreas_Zfand6,Insr,Zfand6,4,-0.5069609187133108,0.49303908128668916,IL10-KO,False
Colon,Spleen,Colon_Insr,Spleen_Glut1,Insr,Glut1,4,-0.25770175200809975,0.7422982479919003,IL10-KO,False
Colon,Spleen,Colon_Insr,Spleen_Insr,Insr,Insr,4,0.3906563384935752,0.6093436615064247,IL10-KO,False
Colon,Spleen,Colon_Insr,Spleen_Mafa,Insr,Mafa,4,-0.330666229731035,0.669333770268965,IL10-KO,False
Colon,Spleen,Colon_Insr,Spleen_Tcf19,Insr,Tcf19,4,0.06393515182625659,0.9360648481737435,IL10-KO,False
Colon,Spleen,Colon_Insr,Spleen_Zfand6,Insr,Zfand6,4,-0.19231978757889856,0.8076802124211016,IL10-KO,False
Colon,Kidney,Colon_Mafa,Kidney_Glut1,Mafa,Glut1,4,-0.8209029571994794,0.17909704280052052,IL10-KO,False
Colon,Kidney,Colon_Mafa,Kidney_Insr,Mafa,Insr,4,-0.41842022584670097,0.5815797741532991,IL10-KO,False
Colon,Kidney,Colon_Mafa,Kidney_Mafa,Mafa,Mafa,4,-0.33195338041887956,0.6680466195811205,IL10-KO,False
Colon,Kidney,Colon_Mafa,Kidney_Zfand6,Mafa,Zfand6,4,-0.13238907708476166,0.8676109229152384,IL10-KO,False
Colon,Liver,Colon_Mafa,Liver_Ghrhr,Mafa,Ghrhr,4,0.8077758576729204,0.19222414232707963,IL10-KO,False
Colon,Liver,Colon_Mafa,Liver_Glut1,Mafa,Glut1,4,-0.1511985249500476,0.8488014750499524,IL10-KO,False
Colon,Liver,Colon_Mafa,Liver_Tbc1d4,Mafa,Tbc1d4,4,0.5130611834986835,0.48693881650131665,IL10-KO,False
Colon,Liver,Colon_Mafa,Liver_Tcf19,Mafa,Tcf19,4,0.09742197877933527,0.9025780212206647,IL10-KO,False
Colon,Liver,Colon_Mafa,Liver_Zfand6,Mafa,Zfand6,4,0.08493400456976391,0.915065995430236,IL10-KO,False
Colon,Pancreas,Colon_Mafa,Pancreas_Glut1,Mafa,Glut1,4,-0.4970504758634806,0.5029495241365194,IL10-KO,False
Colon,Pancreas,Colon_Mafa,Pancreas_Ins2,Mafa,Ins2,4,-0.6524843209746252,0.34751567902537484,IL10-KO,False
Colon,Pancreas,Colon_Mafa,Pancreas_Insr,Mafa,Insr,4,0.10576145919717378,0.8942385408028262,IL10-KO,False
Colon,Pancreas,Colon_Mafa,Pancreas_Mafa,Mafa,Mafa,4,0.23182854563006858,0.7681714543699314,IL10-KO,False
Colon,Pancreas,Colon_Mafa,Pancreas_Srr,Mafa,Srr,4,0.8867199212931491,0.11328007870685086,IL10-KO,False
Colon,Pancreas,Colon_Mafa,Pancreas_Tbc1d4,Mafa,Tbc1d4,4,-0.1433762269910667,0.8566237730089332,IL10-KO,False
Colon,Pancreas,Colon_Mafa,Pancreas_Zfand6,Mafa,Zfand6,4,-0.6025378887393171,0.39746211126068287,IL10-KO,False
Colon,Spleen,Colon_Mafa,Spleen_Glut1,Mafa,Glut1,4,-0.2989304154750895,0.7010695845249106,IL10-KO,False
Colon,Spleen,Colon_Mafa,Spleen_Insr,Mafa,Insr,4,-0.6308252673888316,0.3691747326111683,IL10-KO,False
Colon,Spleen,Colon_Mafa,Spleen_Mafa,Mafa,Mafa,4,-0.5508953357533173,0.4491046642466827,IL10-KO,False
Colon,Spleen,Colon_Mafa,Spleen_Tcf19,Mafa,Tcf19,4,-0.922627197027502,0.07737280297249804,IL10-KO,False
Colon,Spleen,Colon_Mafa,Spleen_Zfand6,Mafa,Zfand6,4,-0.29043436755798696,0.709565632442013,IL10-KO,False
Colon,Kidney,Colon_Tcf19,Kidney_Glut1,Tcf19,Glut1,4,0.7816294760957836,0.2183705239042164,IL10-KO,False
Colon,Kidney,Colon_Tcf19,Kidney_Insr,Tcf19,Insr,4,0.8524177101199177,0.14758228988008226,IL10-KO,False
Colon,Kidney,Colon_Tcf19,Kidney_Mafa,Tcf19,Mafa,4,0.9530391786932749,0.04696082130672519,IL10-KO,True
Colon,Kidney,Colon_Tcf19,Kidney_Zfand6,Tcf19,Zfand6,4,0.9753590730955133,0.024640926904486715,IL10-KO,True
Colon,Liver,Colon_Tcf19,Liver_Ghrhr,Tcf19,Ghrhr,4,-0.1783504701004442,0.8216495298995559,IL10-KO,False
Colon,Liver,Colon_Tcf19,Liver_Glut1,Tcf19,Glut1,4,-0.1676219450536744,0.8323780549463256,IL10-KO,False
Colon,Liver,Colon_Tcf19,Liver_Tbc1d4,Tcf19,Tbc1d4,4,0.5231811284415689,0.47681887155843095,IL10-KO,False
Colon,Liver,Colon_Tcf19,Liver_Tcf19,Tcf19,Tcf19,4,0.8086961633725576,0.19130383662744244,IL10-KO,False
Colon,Liver,Colon_Tcf19,Liver_Zfand6,Tcf19,Zfand6,4,0.2883355924384133,0.7116644075615868,IL10-KO,False
Colon,Pancreas,Colon_Tcf19,Pancreas_Glut1,Tcf19,Glut1,4,0.0783392145683747,0.9216607854316252,IL10-KO,False
Colon,Pancreas,Colon_Tcf19,Pancreas_Ins2,Tcf19,Ins2,4,-0.5227202854116653,0.47727971458833474,IL10-KO,False
Colon,Pancreas,Colon_Tcf19,Pancreas_Insr,Tcf19,Insr,4,-0.7724809617992666,0.22751903820073327,IL10-KO,False
Colon,Pancreas,Colon_Tcf19,Pancreas_Mafa,Tcf19,Mafa,4,0.6626480667009569,0.3373519332990431,IL10-KO,False
Colon,Pancreas,Colon_Tcf19,Pancreas_Srr,Tcf19,Srr,4,-0.1215493067596985,0.8784506932403016,IL10-KO,False
Colon,Pancreas,Colon_Tcf19,Pancreas_Tbc1d4,Tcf19,Tbc1d4,4,-0.8928478610413462,0.10715213895865383,IL10-KO,False
Colon,Pancreas,Colon_Tcf19,Pancreas_Zfand6,Tcf19,Zfand6,4,-0.568071516212571,0.4319284837874289,IL10-KO,False
Colon,Spleen,Colon_Tcf19,Spleen_Glut1,Tcf19,Glut1,4,-0.6500587447680936,0.34994125523190656,IL10-KO,False
Colon,Spleen,Colon_Tcf19,Spleen_Insr,Tcf19,Insr,4,-0.02200611788563922,0.9779938821143608,IL10-KO,False
Colon,Spleen,Colon_Tcf19,Spleen_Mafa,Tcf19,Mafa,4,-0.5895225887656133,0.41047741123438675,IL10-KO,False
Colon,Spleen,Colon_Tcf19,Spleen_Tcf19,Tcf19,Tcf19,4,-0.07248935396528317,0.9275106460347169,IL10-KO,False
Colon,Spleen,Colon_Tcf19,Spleen_Zfand6,Tcf19,Zfand6,4,-0.6086962937231927,0.39130370627680744,IL10-KO,False
Colon,Kidney,Colon_Zfand6,Kidney_Glut1,Zfand6,Glut1,4,-0.9096285931133415,0.09037140688665835,IL10-KO,False
Colon,Kidney,Colon_Zfand6,Kidney_Insr,Zfand6,Insr,4,-0.7105756254741477,0.28942437452585246,IL10-KO,False
Colon,Kidney,Colon_Zfand6,Kidney_Mafa,Zfand6,Mafa,4,-0.8247316156147676,0.1752683843852325,IL10-KO,False
Colon,Kidney,Colon_Zfand6,Kidney_Zfand6,Zfand6,Zfand6,4,-0.8325672835200906,0.16743271647990943,IL10-KO,False
Colon,Liver,Colon_Zfand6,Liver_Ghrhr,Zfand6,Ghrhr,4,0.5131323137818258,0.4868676862181742,IL10-KO,False
Colon,Liver,Colon_Zfand6,Liver_Glut1,Zfand6,Glut1,4,0.3528409934075113,0.6471590065924886,IL10-KO,False
Colon,Liver,Colon_Zfand6,Liver_Tbc1d4,Zfand6,Tbc1d4,4,-0.1905436513921345,0.8094563486078654,IL10-KO,False
Colon,Liver,Colon_Zfand6,Liver_Tcf19,Zfand6,Tcf19,4,-0.5464210545955991,0.4535789454044008,IL10-KO,False
Colon,Liver,Colon_Zfand6,Liver_Zfand6,Zfand6,Zfand6,4,0.01788561468220732,0.9821143853177927,IL10-KO,False
Colon,Pancreas,Colon_Zfand6,Pancreas_Glut1,Zfand6,Glut1,4,-0.41898033943898205,0.5810196605610178,IL10-KO,False
Colon,Pancreas,Colon_Zfand6,Pancreas_Ins2,Zfand6,Ins2,4,0.25800697880096857,0.7419930211990313,IL10-KO,False
Colon,Pancreas,Colon_Zfand6,Pancreas_Insr,Zfand6,Insr,4,0.5284429006323323,0.47155709936766765,IL10-KO,False
Colon,Pancreas,Colon_Zfand6,Pancreas_Mafa,Zfand6,Mafa,4,-0.35308194881902183,0.6469180511809782,IL10-KO,False
Colon,Pancreas,Colon_Zfand6,Pancreas_Srr,Zfand6,Srr,4,0.22114035745711558,0.7788596425428844,IL10-KO,False
Colon,Pancreas,Colon_Zfand6,Pancreas_Tbc1d4,Zfand6,Tbc1d4,4,0.694080482205714,0.30591951779428594,IL10-KO,False
Colon,Pancreas,Colon_Zfand6,Pancreas_Zfand6,Zfand6,Zfand6,4,0.2937134190159643,0.7062865809840357,IL10-KO,False
Colon,Spleen,Colon_Zfand6,Spleen_Glut1,Zfand6,Glut1,4,0.6224835700565865,0.3775164299434135,IL10-KO,False
Colon,Spleen,Colon_Zfand6,Spleen_Insr,Zfand6,Insr,4,0.04727573901160814,0.9527242609883919,IL10-KO,False
Colon,Spleen,Colon_Zfand6,Spleen_Mafa,Zfand6,Mafa,4,0.43010323060518796,0.569896769394812,IL10-KO,False
Colon,Spleen,Colon_Zfand6,Spleen_Tcf19,Zfand6,Tcf19,4,-0.1461816217780773,0.8538183782219226,IL10-KO,False
Colon,Spleen,Colon_Zfand6,Spleen_Zfand6,Zfand6,Zfand6,4,0.6056038620106885,0.3943961379893115,IL10-KO,False
Kidney,Liver,Kidney_Glut1,Liver_Ghrhr,Glut1,Ghrhr,4,-0.6882207813707744,0.31177921862922564,IL10-KO,False
Kidney,Liver,Kidney_Glut1,Liver_Glut1,Glut1,Glut1,4,-0.10475115241593813,0.8952488475840619,IL10-KO,False
Kidney,Liver,Kidney_Glut1,Liver_Tbc1d4,Glut1,Tbc1d4,4,-0.07471105383638257,0.9252889461636173,IL10-KO,False
Kidney,Liver,Kidney_Glut1,Liver_Tcf19,Glut1,Tcf19,4,0.3624876391717267,0.6375123608282733,IL10-KO,False
Kidney,Liver,Kidney_Glut1,Liver_Zfand6,Glut1,Zfand6,4,0.01366946583708959,0.9863305341629105,IL10-KO,False
Kidney,Pancreas,Kidney_Glut1,Pancreas_Glut1,Glut1,Glut1,4,0.4592515141033203,0.5407484858966796,IL10-KO,False
Kidney,Pancreas,Kidney_Glut1,Pancreas_Ins2,Glut1,Ins2,4,0.12145394857275085,0.8785460514272492,IL10-KO,False
Kidney,Pancreas,Kidney_Glut1,Pancreas_Insr,Glut1,Insr,4,-0.4555633215326672,0.5444366784673327,IL10-KO,False
Kidney,Pancreas,Kidney_Glut1,Pancreas_Mafa,Glut1,Mafa,4,0.1760708601821141,0.8239291398178858,IL10-KO,False
Kidney,Pancreas,Kidney_Glut1,Pancreas_Srr,Glut1,Srr,4,-0.5957126680932562,0.40428733190674393,IL10-KO,False
Kidney,Pancreas,Kidney_Glut1,Pancreas_Tbc1d4,Glut1,Tbc1d4,4,-0.4188492037837194,0.5811507962162805,IL10-KO,False
Kidney,Pancreas,Kidney_Glut1,Pancreas_Zfand6,Glut1,Zfand6,4,0.06930596777718293,0.930694032222817,IL10-KO,False
Kidney,Spleen,Kidney_Glut1,Spleen_Glut1,Glut1,Glut1,4,-0.24946949022314488,0.7505305097768551,IL10-KO,False
Kidney,Spleen,Kidney_Glut1,Spleen_Insr,Glut1,Insr,4,0.3134407963596333,0.6865592036403667,IL10-KO,False
Kidney,Spleen,Kidney_Glut1,Spleen_Mafa,Glut1,Mafa,4,-0.02019091238598525,0.9798090876140146,IL10-KO,False
Kidney,Spleen,Kidney_Glut1,Spleen_Tcf19,Glut1,Tcf19,4,0.5388599957069133,0.46114000429308666,IL10-KO,False
Kidney,Spleen,Kidney_Glut1,Spleen_Zfand6,Glut1,Zfand6,4,-0.23742624206590668,0.7625737579340934,IL10-KO,False
Kidney,Liver,Kidney_Insr,Liver_Ghrhr,Insr,Ghrhr,4,0.003003342206022719,0.9969966577939773,IL10-KO,False
Kidney,Liver,Kidney_Insr,Liver_Glut1,Insr,Glut1,4,0.3691572247018234,0.6308427752981767,IL10-KO,False
Kidney,Liver,Kidney_Insr,Liver_Tbc1d4,Insr,Tbc1d4,4,0.56475927876182,0.43524072123818014,IL10-KO,False
Kidney,Liver,Kidney_Insr,Liver_Tcf19,Insr,Tcf19,4,0.8597819799039841,0.14021802009601592,IL10-KO,False
Kidney,Liver,Kidney_Insr,Liver_Zfand6,Insr,Zfand6,4,0.680169573565159,0.31983042643484105,IL10-KO,False
Kidney,Pancreas,Kidney_Insr,Pancreas_Glut1,Insr,Glut1,4,-0.27620919267574384,0.723790807324256,IL10-KO,False
Kidney,Pancreas,Kidney_Insr,Pancreas_Ins2,Insr,Ins2,4,-0.3403193171519918,0.6596806828480082,IL10-KO,False
Kidney,Pancreas,Kidney_Insr,Pancreas_Insr,Insr,Insr,4,-0.9429956258734193,0.05700437412658066,IL10-KO,False
Kidney,Pancreas,Kidney_Insr,Pancreas_Mafa,Insr,Mafa,4,0.7832832449171928,0.2167167550828073,IL10-KO,False
Kidney,Pancreas,Kidney_Insr,Pancreas_Srr,Insr,Srr,4,-0.4711086787117023,0.5288913212882977,IL10-KO,False
Kidney,Pancreas,Kidney_Insr,Pancreas_Tbc1d4,Insr,Tbc1d4,4,-0.7511354110677078,0.24886458893229224,IL10-KO,False
Kidney,Pancreas,Kidney_Insr,Pancreas_Zfand6,Insr,Zfand6,4,-0.41622267116259026,0.5837773288374097,IL10-KO,False
Kidney,Spleen,Kidney_Insr,Spleen_Glut1,Insr,Glut1,4,-0.1912038125835756,0.8087961874164245,IL10-KO,False
Kidney,Spleen,Kidney_Insr,Spleen_Insr,Insr,Insr,4,0.4625426674083802,0.5374573325916199,IL10-KO,False
Kidney,Spleen,Kidney_Insr,Spleen_Mafa,Insr,Mafa,4,-0.24209946095076262,0.7579005390492375,IL10-KO,False
Kidney,Spleen,Kidney_Insr,Spleen_Tcf19,Insr,Tcf19,4,0.1657011379764739,0.8342988620235261,IL10-KO,False
Kidney,Spleen,Kidney_Insr,Spleen_Zfand6,Insr,Zfand6,4,-0.12839549012623053,0.8716045098737695,IL10-KO,False
Kidney,Liver,Kidney_Mafa,Liver_Ghrhr,Mafa,Ghrhr,4,-0.03258830279932459,0.9674116972006754,IL10-KO,False
Kidney,Liver,Kidney_Mafa,Liver_Glut1,Mafa,Glut1,4,0.13831374783362477,0.8616862521663753,IL10-KO,False
Kidney,Liver,Kidney_Mafa,Liver_Tbc1d4,Mafa,Tbc1d4,4,0.6092265492633758,0.3907734507366243,IL10-KO,False
Kidney,Liver,Kidney_Mafa,Liver_Tcf19,Mafa,Tcf19,4,0.8934989778939408,0.10650102210605916,IL10-KO,False
Kidney,Liver,Kidney_Mafa,Liver_Zfand6,Mafa,Zfand6,4,0.5474672503376918,0.45253274966230816,IL10-KO,False
Kidney,Pancreas,Kidney_Mafa,Pancreas_Glut1,Mafa,Glut1,4,-0.16018501033831942,0.8398149896616807,IL10-KO,False
Kidney,Pancreas,Kidney_Mafa,Pancreas_Ins2,Mafa,Ins2,4,-0.48132140208860996,0.5186785979113901,IL10-KO,False
Kidney,Pancreas,Kidney_Mafa,Pancreas_Insr,Mafa,Insr,4,-0.9156121710318996,0.08438782896810038,IL10-KO,False
Kidney,Pancreas,Kidney_Mafa,Pancreas_Mafa,Mafa,Mafa,4,0.7885746229087691,0.21142537709123088,IL10-KO,False
Kidney,Pancreas,Kidney_Mafa,Pancreas_Srr,Mafa,Srr,4,-0.28896746601435847,0.7110325339856416,IL10-KO,False
Kidney,Pancreas,Kidney_Mafa,Pancreas_Tbc1d4,Mafa,Tbc1d4,4,-0.8687121293720937,0.13128787062790614,IL10-KO,False
Kidney,Pancreas,Kidney_Mafa,Pancreas_Zfand6,Mafa,Zfand6,4,-0.5449714627415286,0.4550285372584715,IL10-KO,False
Kidney,Spleen,Kidney_Mafa,Spleen_Glut1,Mafa,Glut1,4,-0.4285955307824525,0.5714044692175475,IL10-KO,False
Kidney,Spleen,Kidney_Mafa,Spleen_Insr,Mafa,Insr,4,0.2332928388181254,0.7667071611818745,IL10-KO,False
Kidney,Spleen,Kidney_Mafa,Spleen_Mafa,Mafa,Mafa,4,-0.4464187150815012,0.5535812849184989,IL10-KO,False
Kidney,Spleen,Kidney_Mafa,Spleen_Tcf19,Mafa,Tcf19,4,0.013906632507527994,0.9860933674924719,IL10-KO,False
Kidney,Spleen,Kidney_Mafa,Spleen_Zfand6,Mafa,Zfand6,4,-0.37130092086227307,0.6286990791377269,IL10-KO,False
Kidney,Liver,Kidney_Zfand6,Liver_Ghrhr,Zfand6,Ghrhr,4,0.04268589500260683,0.9573141049973932,IL10-KO,False
Kidney,Liver,Kidney_Zfand6,Liver_Glut1,Zfand6,Glut1,4,-0.0620134587962844,0.9379865412037156,IL10-KO,False
Kidney,Liver,Kidney_Zfand6,Liver_Tbc1d4,Zfand6,Tbc1d4,4,0.6973654750345663,0.30263452496543364,IL10-KO,False
Kidney,Liver,Kidney_Zfand6,Liver_Tcf19,Zfand6,Tcf19,4,0.9154953765429336,0.08450462345706633,IL10-KO,False
Kidney,Liver,Kidney_Zfand6,Liver_Zfand6,Zfand6,Zfand6,4,0.4454517140932542,0.5545482859067459,IL10-KO,False
Kidney,Pancreas,Kidney_Zfand6,Pancreas_Glut1,Zfand6,Glut1,4,-0.13034750972996814,0.8696524902700318,IL10-KO,False
Kidney,Pancreas,Kidney_Zfand6,Pancreas_Ins2,Zfand6,Ins2,4,-0.6641637933343578,0.3358362066656422,IL10-KO,False
Kidney,Pancreas,Kidney_Zfand6,Pancreas_Insr,Zfand6,Insr,4,-0.8642042701453765,0.13579572985462351,IL10-KO,False
Kidney,Pancreas,Kidney_Zfand6,Pancreas_Mafa,Zfand6,Mafa,4,0.8075095672395445,0.19249043276045552,IL10-KO,False
Kidney,Pancreas,Kidney_Zfand6,Pancreas_Srr,Zfand6,Srr,4,-0.030485410222398424,0.9695145897776016,IL10-KO,False
Kidney,Pancreas,Kidney_Zfand6,Pancreas_Tbc1d4,Zfand6,Tbc1d4,4,-0.9618790026139745,0.03812099738602548,IL10-KO,True
Kidney,Pancreas,Kidney_Zfand6,Pancreas_Zfand6,Zfand6,Zfand6,4,-0.7108403940737593,0.2891596059262407,IL10-KO,False
Kidney,Spleen,Kidney_Zfand6,Spleen_Glut1,Zfand6,Glut1,4,-0.642263375171467,0.35773662482853297,IL10-KO,False
Kidney,Spleen,Kidney_Zfand6,Spleen_Insr,Zfand6,Insr,4,-0.028241270111469097,0.9717587298885308,IL10-KO,False
Kidney,Spleen,Kidney_Zfand6,Spleen_Mafa,Zfand6,Mafa,4,-0.6660487367510026,0.3339512632489974,IL10-KO,False
Kidney,Spleen,Kidney_Zfand6,Spleen_Tcf19,Zfand6,Tcf19,4,-0.2205772223679229,0.779422777632077,IL10-KO,False
Kidney,Spleen,Kidney_Zfand6,Spleen_Zfand6,Zfand6,Zfand6,4,-0.5892140054574202,0.4107859945425798,IL10-KO,False
Liver,Pancreas,Liver_Ghrhr,Pancreas_Glut1,Ghrhr,Glut1,4,-0.9128051241105414,0.08719487588945851,IL10-KO,False
Liver,Pancreas,Liver_Ghrhr,Pancreas_Ins2,Ghrhr,Ins2,4,-0.6243073541786093,0.3756926458213907,IL10-KO,False
Liver,Pancreas,Liver_Ghrhr,Pancreas_Insr,Ghrhr,Insr,4,-0.33071451431510507,0.6692854856848949,IL10-KO,False
Liver,Pancreas,Liver_Ghrhr,Pancreas_Mafa,Ghrhr,Mafa,4,0.5888796177763986,0.41112038222360137,IL10-KO,False
Liver,Pancreas,Liver_Ghrhr,Pancreas_Srr,Ghrhr,Srr,4,0.47084940446708307,0.529150595532917,IL10-KO,False
Liver,Pancreas,Liver_Ghrhr,Pancreas_Tbc1d4,Ghrhr,Tbc1d4,4,-0.25728364547155236,0.7427163545284476,IL10-KO,False
Liver,Pancreas,Liver_Ghrhr,Pancreas_Zfand6,Ghrhr,Zfand6,4,-0.6225534012357172,0.37744659876428277,IL10-KO,False
Liver,Spleen,Liver_Ghrhr,Spleen_Glut1,Ghrhr,Glut1,4,0.03157526164120744,0.9684247383587925,IL10-KO,False
Liver,Spleen,Liver_Ghrhr,Spleen_Insr,Ghrhr,Insr,4,-0.08912978786537518,0.9108702121346248,IL10-KO,False
Liver,Spleen,Liver_Ghrhr,Spleen_Mafa,Ghrhr,Mafa,4,-0.3438150352236724,0.6561849647763276,IL10-KO,False
Liver,Spleen,Liver_Ghrhr,Spleen_Tcf19,Ghrhr,Tcf19,4,-0.7000903508405865,0.29990964915941354,IL10-KO,False
Liver,Spleen,Liver_Ghrhr,Spleen_Zfand6,Ghrhr,Zfand6,4,0.07860007985553927,0.9213999201444607,IL10-KO,False
Liver,Pancreas,Liver_Glut1,Pancreas_Glut1,Glut1,Glut1,4,-0.7406787172966085,0.2593212827033915,IL10-KO,False
Liver,Pancreas,Liver_Glut1,Pancreas_Ins2,Glut1,Ins2,4,0.19080887079721776,0.8091911292027822,IL10-KO,False
Liver,Pancreas,Liver_Glut1,Pancreas_Insr,Glut1,Insr,4,-0.44054030065898353,0.5594596993410166,IL10-KO,False
Liver,Pancreas,Liver_Glut1,Pancreas_Mafa,Glut1,Mafa,4,0.36853839424515855,0.6314616057548414,IL10-KO,False
Liver,Pancreas,Liver_Glut1,Pancreas_Srr,Glut1,Srr,4,-0.5884497369803781,0.41155026301962194,IL10-KO,False
Liver,Pancreas,Liver_Glut1,Pancreas_Tbc1d4,Glut1,Tbc1d4,4,0.11725312531293401,0.8827468746870659,IL10-KO,False
Liver,Pancreas,Liver_Glut1,Pancreas_Zfand6,Glut1,Zfand6,4,0.13043899911484502,0.8695610008851551,IL10-KO,False
Liver,Spleen,Liver_Glut1,Spleen_Glut1,Glut1,Glut1,4,0.7536229559170321,0.2463770440829678,IL10-KO,False
Liver,Spleen,Liver_Glut1,Spleen_Insr,Glut1,Insr,4,0.8609103534125163,0.1390896465874838,IL10-KO,False
Liver,Spleen,Liver_Glut1,Spleen_Mafa,Glut1,Mafa,4,0.5144532166478226,0.4855467833521774,IL10-KO,False
Liver,Spleen,Liver_Glut1,Spleen_Tcf19,Glut1,Tcf19,4,0.3364508953158165,0.6635491046841835,IL10-KO,False
Liver,Spleen,Liver_Glut1,Spleen_Zfand6,Glut1,Zfand6,4,0.8029782451448962,0.19702175485510365,IL10-KO,False
Liver,Pancreas,Liver_Tbc1d4,Pancreas_Glut1,Tbc1d4,Glut1,4,-0.7246594891869429,0.2753405108130571,IL10-KO,False
Liver,Pancreas,Liver_Tbc1d4,Pancreas_Ins2,Tbc1d4,Ins2,4,-0.9081683277005781,0.09183167229942191,IL10-KO,False
Liver,Pancreas,Liver_Tbc1d4,Pancreas_Insr,Tbc1d4,Insr,4,-0.7966641546901907,0.2033358453098093,IL10-KO,False
Liver,Pancreas,Liver_Tbc1d4,Pancreas_Mafa,Tbc1d4,Mafa,4,0.9521587648262173,0.04784123517378269,IL10-KO,True
Liver,Pancreas,Liver_Tbc1d4,Pancreas_Srr,Tbc1d4,Srr,4,0.3524012831420482,0.6475987168579518,IL10-KO,False
Liver,Pancreas,Liver_Tbc1d4,Pancreas_Tbc1d4,Tbc1d4,Tbc1d4,4,-0.832385679976371,0.16761432002362886,IL10-KO,False
Liver,Pancreas,Liver_Tbc1d4,Pancreas_Zfand6,Tbc1d4,Zfand6,4,-0.9351337558054692,0.06486624419453069,IL10-KO,False
Liver,Spleen,Liver_Tbc1d4,Spleen_Glut1,Tbc1d4,Glut1,4,-0.43643446547007675,0.5635655345299233,IL10-KO,False
Liver,Spleen,Liver_Tbc1d4,Spleen_Insr,Tbc1d4,Insr,4,-0.1227911503985601,0.8772088496014399,IL10-KO,False
Liver,Spleen,Liver_Tbc1d4,Spleen_Mafa,Tbc1d4,Mafa,4,-0.71760042434088,0.28239957565912,IL10-KO,False
Liver,Spleen,Liver_Tbc1d4,Spleen_Tcf19,Tbc1d4,Tcf19,4,-0.6762340105490391,0.323765989450961,IL10-KO,False
Liver,Spleen,Liver_Tbc1d4,Spleen_Zfand6,Tbc1d4,Zfand6,4,-0.36887443348451676,0.6311255665154833,IL10-KO,False
Liver,Pancreas,Liver_Tcf19,Pancreas_Glut1,Tcf19,Glut1,4,-0.518055301290107,0.481944698709893,IL10-KO,False
Liver,Pancreas,Liver_Tcf19,Pancreas_Ins2,Tcf19,Ins2,4,-0.7627251978893655,0.23727480211063456,IL10-KO,False
Liver,Pancreas,Liver_Tcf19,Pancreas_Insr,Tcf19,Insr,4,-0.9623716153901636,0.03762838460983642,IL10-KO,True
Liver,Pancreas,Liver_Tcf19,Pancreas_Mafa,Tcf19,Mafa,4,0.9764177687714384,0.023582231228561623,IL10-KO,True
Liver,Pancreas,Liver_Tcf19,Pancreas_Srr,Tcf19,Srr,4,0.01577466914868321,0.9842253308513167,IL10-KO,False
Liver,Pancreas,Liver_Tcf19,Pancreas_Tbc1d4,Tcf19,Tbc1d4,4,-0.9361644061759029,0.06383559382409709,IL10-KO,False
Liver,Pancreas,Liver_Tcf19,Pancreas_Zfand6,Tcf19,Zfand6,4,-0.8149031883308179,0.18509681166918224,IL10-KO,False
Liver,Spleen,Liver_Tcf19,Spleen_Glut1,Tcf19,Glut1,4,-0.4508825052150613,0.5491174947849387,IL10-KO,False
Liver,Spleen,Liver_Tcf19,Spleen_Insr,Tcf19,Insr,4,0.09125246068323058,0.9087475393167694,IL10-KO,False
Liver,Spleen,Liver_Tcf19,Spleen_Mafa,Tcf19,Mafa,4,-0.6257689262502334,0.3742310737497667,IL10-KO,False
Liver,Spleen,Liver_Tcf19,Spleen_Tcf19,Tcf19,Tcf19,4,-0.3562396169613362,0.6437603830386638,IL10-KO,False
Liver,Spleen,Liver_Tcf19,Spleen_Zfand6,Tcf19,Zfand6,4,-0.38001931549783713,0.6199806845021629,IL10-KO,False
Liver,Pancreas,Liver_Zfand6,Pancreas_Glut1,Zfand6,Glut1,4,-0.8797877558950019,0.12021224410499798,IL10-KO,False
Liver,Pancreas,Liver_Zfand6,Pancreas_Ins2,Zfand6,Ins2,4,-0.3778567953756684,0.6221432046243316,IL10-KO,False
Liver,Pancreas,Liver_Zfand6,Pancreas_Insr,Zfand6,Insr,4,-0.8306643005980021,0.16933569940199789,IL10-KO,False
Liver,Pancreas,Liver_Zfand6,Pancreas_Mafa,Zfand6,Mafa,4,0.8340621373553206,0.16593786264467925,IL10-KO,False
Liver,Pancreas,Liver_Zfand6,Pancreas_Srr,Zfand6,Srr,4,-0.2853046131218828,0.7146953868781172,IL10-KO,False
Liver,Pancreas,Liver_Zfand6,Pancreas_Tbc1d4,Zfand6,Tbc1d4,4,-0.45585549977427786,0.5441445002257221,IL10-KO,False
Liver,Pancreas,Liver_Zfand6,Pancreas_Zfand6,Zfand6,Zfand6,4,-0.4426098218535218,0.5573901781464783,IL10-KO,False
Liver,Spleen,Liver_Zfand6,Spleen_Glut1,Zfand6,Glut1,4,0.2419757297310434,0.7580242702689566,IL10-KO,False
Liver,Spleen,Liver_Zfand6,Spleen_Insr,Zfand6,Insr,4,0.5726924558088796,0.4273075441911205,IL10-KO,False
Liver,Spleen,Liver_Zfand6,Spleen_Mafa,Zfand6,Mafa,4,-0.05894074536320297,0.9410592546367971,IL10-KO,False
Liver,Spleen,Liver_Zfand6,Spleen_Tcf19,Zfand6,Tcf19,4,-0.08669803587467029,0.9133019641253297,IL10-KO,False
Liver,Spleen,Liver_Zfand6,Spleen_Zfand6,Zfand6,Zfand6,4,0.3173544635744753,0.6826455364255248,IL10-KO,False
Pancreas,Spleen,Pancreas_Glut1,Spleen_Glut1,Glut1,Glut1,4,-0.2740692844787355,0.7259307155212644,IL10-KO,False
Pancreas,Spleen,Pancreas_Glut1,Spleen_Insr,Glut1,Insr,4,-0.3127218703823085,0.6872781296176915,IL10-KO,False
Pancreas,Spleen,Pancreas_Glut1,Spleen_Mafa,Glut1,Mafa,4,0.10447979998889084,0.8955202000111091,IL10-KO,False
Pancreas,Spleen,Pancreas_Glut1,Spleen_Tcf19,Glut1,Tcf19,4,0.3826370639112665,0.6173629360887336,IL10-KO,False
Pancreas,Spleen,Pancreas_Glut1,Spleen_Zfand6,Glut1,Zfand6,4,-0.3364210770095653,0.6635789229904347,IL10-KO,False
Pancreas,Spleen,Pancreas_Ins2,Spleen_Glut1,Ins2,Glut1,4,0.7357274015122719,0.2642725984877281,IL10-KO,False
Pancreas,Spleen,Pancreas_Ins2,Spleen_Insr,Ins2,Insr,4,0.5199594286429189,0.480040571357081,IL10-KO,False
Pancreas,Spleen,Pancreas_Ins2,Spleen_Mafa,Ins2,Mafa,4,0.9352124690978114,0.06478753090218858,IL10-KO,False
Pancreas,Spleen,Pancreas_Ins2,Spleen_Tcf19,Ins2,Tcf19,4,0.8689337759927436,0.13106622400725643,IL10-KO,False
Pancreas,Spleen,Pancreas_Ins2,Spleen_Zfand6,Ins2,Zfand6,4,0.6904748031121994,0.30952519688780056,IL10-KO,False
Pancreas,Spleen,Pancreas_Insr,Spleen_Glut1,Insr,Glut1,4,0.22570224248359708,0.774297757516403,IL10-KO,False
Pancreas,Spleen,Pancreas_Insr,Spleen_Insr,Insr,Insr,4,-0.35620514619069776,0.6437948538093021,IL10-KO,False
Pancreas,Spleen,Pancreas_Insr,Spleen_Mafa,Insr,Mafa,4,0.39254286098852903,0.6074571390114709,IL10-KO,False
Pancreas,Spleen,Pancreas_Insr,Spleen_Tcf19,Insr,Tcf19,4,0.11303311097719418,0.8869668890228057,IL10-KO,False
Pancreas,Spleen,Pancreas_Insr,Spleen_Zfand6,Insr,Zfand6,4,0.15154781999576944,0.8484521800042306,IL10-KO,False
Pancreas,Spleen,Pancreas_Mafa,Spleen_Glut1,Mafa,Glut1,4,-0.3330346008517937,0.6669653991482063,IL10-KO,False
Pancreas,Spleen,Pancreas_Mafa,Spleen_Insr,Mafa,Insr,4,0.12749472279763874,0.8725052772023614,IL10-KO,False
Pancreas,Spleen,Pancreas_Mafa,Spleen_Mafa,Mafa,Mafa,4,-0.5778545915749734,0.4221454084250267,IL10-KO,False
Pancreas,Spleen,Pancreas_Mafa,Spleen_Tcf19,Mafa,Tcf19,4,-0.4241262630899944,0.5758737369100055,IL10-KO,False
Pancreas,Spleen,Pancreas_Mafa,Spleen_Zfand6,Mafa,Zfand6,4,-0.25792228761006475,0.7420777123899351,IL10-KO,False
Pancreas,Spleen,Pancreas_Srr,Spleen_Glut1,Srr,Glut1,4,-0.6255990619594651,0.37440093804053487,IL10-KO,False
Pancreas,Spleen,Pancreas_Srr,Spleen_Insr,Srr,Insr,4,-0.91771796497365,0.08228203502635001,IL10-KO,False
Pancreas,Spleen,Pancreas_Srr,Spleen_Mafa,Srr,Mafa,4,-0.7241093185696119,0.2758906814303881,IL10-KO,False
Pancreas,Spleen,Pancreas_Srr,Spleen_Tcf19,Srr,Tcf19,4,-0.9259995675093329,0.07400043249066712,IL10-KO,False
Pancreas,Spleen,Pancreas_Srr,Spleen_Zfand6,Srr,Zfand6,4,-0.6386932665627506,0.3613067334372495,IL10-KO,False
Pancreas,Spleen,Pancreas_Tbc1d4,Spleen_Glut1,Tbc1d4,Glut1,4,0.7327635002494699,0.2672364997505301,IL10-KO,False
Pancreas,Spleen,Pancreas_Tbc1d4,Spleen_Insr,Tbc1d4,Insr,4,0.21267834337206185,0.7873216566279382,IL10-KO,False
Pancreas,Spleen,Pancreas_Tbc1d4,Spleen_Mafa,Tbc1d4,Mafa,4,0.8219621228899864,0.17803787711001373,IL10-KO,False
Pancreas,Spleen,Pancreas_Tbc1d4,Spleen_Tcf19,Tbc1d4,Tcf19,4,0.4768164015559392,0.5231835984440609,IL10-KO,False
Pancreas,Spleen,Pancreas_Tbc1d4,Spleen_Zfand6,Tbc1d4,Zfand6,4,0.6782378209233656,0.3217621790766345,IL10-KO,False
Pancreas,Spleen,Pancreas_Zfand6,Spleen_Glut1,Zfand6,Glut1,4,0.710891120277261,0.289108879722739,IL10-KO,False
Pancreas,Spleen,Pancreas_Zfand6,Spleen_Insr,Zfand6,Insr,4,0.4492382375467223,0.5507617624532777,IL10-KO,False
Pancreas,Spleen,Pancreas_Zfand6,Spleen_Mafa,Zfand6,Mafa,4,0.9164468026297534,0.08355319737024658,IL10-KO,False
Pancreas,Spleen,Pancreas_Zfand6,Spleen_Tcf19,Zfand6,Tcf19,4,0.8270839725081048,0.17291602749189527,IL10-KO,False
Pancreas,Spleen,Pancreas_Zfand6,Spleen_Zfand6,Zfand6,Zfand6,4,0.660660705491942,0.339339294508058,IL10-KO,False
