Cycle,RFU,Gene,Group,Replicate
1,-20.1170015046459,Ins1,IL10-KO,1
1,-11.238963008087,Ins1,IL10-KO,2
1,-10.0438776927022,Ins1,IL10-KO,3
1,-20.8973812568747,Ins1,IL10-KO,4
1,-2.86281231201838,Ins2,IL10-KO,1
1,-6.07273394055346,Ins2,IL10-KO,2
1,-11.6511860341056,Ins2,IL10-KO,3
1,0.299977940624558,Ins2,IL10-KO,4
1,-1.74223749078146,Ins1,DSS-IL10-KO,1
1,-9.17742954328514,Ins1,DSS-IL10-KO,2
1,-13.6742948648925,Ins1,DSS-IL10-KO,3
1,-13.5218316405944,Ins1,DSS-IL10-KO,4
1,-1.21158791695143,Ins2,DSS-IL10-KO,1
1,5.25416388759595,Ins2,DSS-IL10-KO,2
1,-0.301451652584092,Ins2,DSS-IL10-KO,3
1,-5.98141928225232,Ins2,DSS-IL10-KO,4
2,-13.1139826163799,Ins1,IL10-KO,1
2,-2.63519683429013,Ins1,IL10-KO,2
2,-9.56679009258278,Ins1,IL10-KO,3
2,-15.7084172203618,Ins1,IL10-KO,4
2,-4.55919787886478,Ins2,IL10-KO,1
2,-2.46991264766939,Ins2,IL10-KO,2
2,-8.32672336287669,Ins2,IL10-KO,3
2,-1.4830954372369,Ins2,IL10-KO,4
2,-1.78913220722779,Ins1,DSS-IL10-KO,1
2,-2.26794133674957,Ins1,DSS-IL10-KO,2
2,-11.9927461249213,Ins1,DSS-IL10-KO,3
2,-9.12074950499027,Ins1,DSS-IL10-KO,4
2,5.08122946604317,Ins2,DSS-IL10-KO,1
2,0.789223392522217,Ins2,DSS-IL10-KO,2
2,-1.38082923326601,Ins2,DSS-IL10-KO,3
2,-5.17736867961639,Ins2,DSS-IL10-KO,4
3,-12.1359417523649,Ins1,IL10-KO,1
3,0.153304285317518,Ins1,IL10-KO,2
3,-3.70284681123303,Ins1,IL10-KO,3
3,-11.4949904713003,Ins1,IL10-KO,4
3,-3.51210259160098,Ins2,IL10-KO,1
3,-0.119085245428778,Ins2,IL10-KO,2
3,0.043891141941458,Ins2,IL10-KO,3
3,0.793910013986988,Ins2,IL10-KO,4
3,-1.12899087653659,Ins1,DSS-IL10-KO,1
3,-2.71010773648959,Ins1,DSS-IL10-KO,2
3,-6.34497624340793,Ins1,DSS-IL10-KO,3
3,-4.03848336547208,Ins1,DSS-IL10-KO,4
3,-1.97348510425309,Ins2,DSS-IL10-KO,1
3,2.09412007878473,Ins2,DSS-IL10-KO,2
3,1.78381157992726,Ins2,DSS-IL10-KO,3
3,-3.7452086940857,Ins2,DSS-IL10-KO,4
4,-9.17565459288153,Ins1,IL10-KO,1
4,-3.46333056114372,Ins1,IL10-KO,2
4,0.344870090259064,Ins1,IL10-KO,3
4,0.0370641713652731,Ins1,IL10-KO,4
4,3.36970409503738,Ins2,IL10-KO,1
4,1.37447427572488,Ins2,IL10-KO,2
4,-1.21277670273867,Ins2,IL10-KO,3
4,4.78925933459777,Ins2,IL10-KO,4
4,-1.51067953591246,Ins1,DSS-IL10-KO,1
4,-4.65364979302376,Ins1,DSS-IL10-KO,2
4,-9.36338983501582,Ins1,DSS-IL10-KO,3
4,0.356636712499039,Ins1,DSS-IL10-KO,4
4,5.7447715297294,Ins2,DSS-IL10-KO,1
4,1.86922023074794,Ins2,DSS-IL10-KO,2
4,1.565485418349,Ins2,DSS-IL10-KO,3
4,-0.476636278624483,Ins2,DSS-IL10-KO,4
5,-4.18615915850887,Ins1,IL10-KO,1
5,0.313456202230554,Ins1,IL10-KO,2
5,0.687776350947388,Ins1,IL10-KO,3
5,-5.71457628919461,Ins1,IL10-KO,4
5,2.47262004058484,Ins2,IL10-KO,1
5,-2.50506356613369,Ins2,IL10-KO,2
5,1.97852053426368,Ins2,IL10-KO,3
5,-0.478844848155404,Ins2,IL10-KO,4
5,-0.140090674192379,Ins1,DSS-IL10-KO,1
5,1.67536543460574,Ins1,DSS-IL10-KO,2
5,2.71356552563793,Ins1,DSS-IL10-KO,3
5,-2.4611121555331,Ins1,DSS-IL10-KO,4
5,0.729619687462218,Ins2,DSS-IL10-KO,1
5,2.67444714059548,Ins2,DSS-IL10-KO,2
5,0.760900865663643,Ins2,DSS-IL10-KO,3
5,2.81091248440725,Ins2,DSS-IL10-KO,4
6,-5.44051218148252,Ins1,IL10-KO,1
6,-1.39257093969809,Ins1,IL10-KO,2
6,3.09627891204718,Ins1,IL10-KO,3
6,-0.935303862507681,Ins1,IL10-KO,4
6,0.879691263383847,Ins2,IL10-KO,1
6,1.35998195147431,Ins2,IL10-KO,2
6,4.01440981957376,Ins2,IL10-KO,3
6,3.15358255507863,Ins2,IL10-KO,4
6,1.82255378988475,Ins1,DSS-IL10-KO,1
6,2.94426865803734,Ins1,DSS-IL10-KO,2
6,0.712851616763601,Ins1,DSS-IL10-KO,3
6,-1.04601615919273,Ins1,DSS-IL10-KO,4
6,3.52393215482471,Ins2,DSS-IL10-KO,1
6,3.40240044010488,Ins2,DSS-IL10-KO,2
6,5.08311306857058,Ins2,DSS-IL10-KO,3
6,3.29754924010604,Ins2,DSS-IL10-KO,4
7,-9.66629227592739,Ins1,IL10-KO,1
7,1.21451023775535,Ins1,IL10-KO,2
7,2.07364440454785,Ins1,IL10-KO,3
7,3.20059928217142,Ins1,IL10-KO,4
7,-0.739965652263436,Ins2,IL10-KO,1
7,4.31753548946745,Ins2,IL10-KO,2
7,-1.49629998885939,Ins2,IL10-KO,3
7,5.12901552386484,Ins2,IL10-KO,4
7,0.788403147896588,Ins1,DSS-IL10-KO,1
7,1.95206999588527,Ins1,DSS-IL10-KO,2
7,-3.52346088282138,Ins1,DSS-IL10-KO,3
7,0.225965162006105,Ins1,DSS-IL10-KO,4
7,4.39842379588254,Ins2,DSS-IL10-KO,1
7,2.4332720519601,Ins2,DSS-IL10-KO,2
7,2.36011698447146,Ins2,DSS-IL10-KO,3
7,8.37268582718889,Ins2,DSS-IL10-KO,4
8,-1.44521534613841,Ins1,IL10-KO,1
8,0.676693602048544,Ins1,IL10-KO,2
8,1.37611527495301,Ins1,IL10-KO,3
8,-0.684905555163368,Ins1,IL10-KO,4
8,1.76560536782517,Ins2,IL10-KO,1
8,2.22391784702177,Ins2,IL10-KO,2
8,3.3762890263074,Ins2,IL10-KO,3
8,-3.76922145456956,Ins2,IL10-KO,4
8,5.27303949589214,Ins1,DSS-IL10-KO,1
8,-1.7915422534752,Ins1,DSS-IL10-KO,2
8,-5.26428599912242,Ins1,DSS-IL10-KO,3
8,-2.93654930615321,Ins1,DSS-IL10-KO,4
8,0.326940809499774,Ins2,DSS-IL10-KO,1
8,0.213053308130839,Ins2,DSS-IL10-KO,2
8,-0.931545684047706,Ins2,DSS-IL10-KO,3
8,7.95027486551408,Ins2,DSS-IL10-KO,4
9,-6.27715884728104,Ins1,IL10-KO,1
9,-0.227734732027329,Ins1,IL10-KO,2
9,-1.36960881018285,Ins1,IL10-KO,3
9,3.56709932179683,Ins1,IL10-KO,4
9,2.86716998238626,Ins2,IL10-KO,1
9,0.158147210278003,Ins2,IL10-KO,2
9,0.401655391494842,Ins2,IL10-KO,3
9,1.13693342053648,Ins2,IL10-KO,4
9,-1.53352623448609,Ins1,DSS-IL10-KO,1
9,-0.629430149876498,Ins1,DSS-IL10-KO,2
9,0.896592693512503,Ins1,DSS-IL10-KO,3
9,5.8140950099646,Ins1,DSS-IL10-KO,4
9,-2.17809679631273,Ins2,DSS-IL10-KO,1
9,-0.453834843330242,Ins2,DSS-IL10-KO,2
9,2.46939842627671,Ins2,DSS-IL10-KO,3
9,2.50702164096811,Ins2,DSS-IL10-KO,4
10,0.847183953528656,Ins1,IL10-KO,1
10,0.990235758806193,Ins1,IL10-KO,2
10,4.64635874966871,Ins1,IL10-KO,3
10,-1.34918938577493,Ins1,IL10-KO,4
10,-0.890339126142862,Ins2,IL10-KO,1
10,0.32116510870901,Ins2,IL10-KO,2
10,1.21915115421416,Ins2,IL10-KO,3
10,4.61707292673691,Ins2,IL10-KO,4
10,0.777330801523476,Ins1,DSS-IL10-KO,1
10,-2.82579702938483,Ins1,DSS-IL10-KO,2
10,3.82985425241259,Ins1,DSS-IL10-KO,3
10,4.78980306155518,Ins1,DSS-IL10-KO,4
10,-0.679982265634862,Ins2,DSS-IL10-KO,1
10,-0.246939222337915,Ins2,DSS-IL10-KO,2
10,-1.61510844379518,Ins2,DSS-IL10-KO,3
10,1.94801994718819,Ins2,DSS-IL10-KO,4
11,-1.58612047385441,Ins1,IL10-KO,1
11,-0.934238141077003,Ins1,IL10-KO,2
11,-2.5384594678294,Ins1,IL10-KO,3
11,7.28560444263212,Ins1,IL10-KO,4
11,1.77979367253874,Ins2,IL10-KO,1
11,2.06023406182794,Ins2,IL10-KO,2
11,1.19492062216932,Ins2,IL10-KO,3
11,-2.39517178575534,Ins2,IL10-KO,4
11,-3.27650648324789,Ins1,DSS-IL10-KO,1
11,1.56246815061422,Ins1,DSS-IL10-KO,2
11,-1.17833938100557,Ins1,DSS-IL10-KO,3
11,1.67415335868964,Ins1,DSS-IL10-KO,4
11,-0.380470594820054,Ins2,DSS-IL10-KO,1
11,1.82481981111278,Ins2,DSS-IL10-KO,2
11,-0.601935856297587,Ins2,DSS-IL10-KO,3
11,6.27821865392525,Ins2,DSS-IL10-KO,4
12,-2.06097919597141,Ins1,IL10-KO,1
12,1.53211883965878,Ins1,IL10-KO,2
12,-5.64808122277009,Ins1,IL10-KO,3
12,2.70960995403857,Ins1,IL10-KO,4
12,0.34863040840537,Ins2,IL10-KO,1
12,-2.22263092098547,Ins2,IL10-KO,2
12,-0.209905587021694,Ins2,IL10-KO,3
12,1.66198499018992,Ins2,IL10-KO,4
12,3.35683273347649,Ins1,DSS-IL10-KO,1
12,6.66103273200042,Ins1,DSS-IL10-KO,2
12,-0.217773964995558,Ins1,DSS-IL10-KO,3
12,1.34579461037265,Ins1,DSS-IL10-KO,4
12,2.83829356081515,Ins2,DSS-IL10-KO,1
12,4.331003032019,Ins2,DSS-IL10-KO,2
12,-3.0975740136314,Ins2,DSS-IL10-KO,3
12,9.108787992624,Ins2,DSS-IL10-KO,4
13,8.2219070083238,Ins1,IL10-KO,1
13,0.834054264605584,Ins1,IL10-KO,2
13,-1.5352170213846,Ins1,IL10-KO,3
13,-0.284335538541654,Ins1,IL10-KO,4
13,-0.144761271340485,Ins2,IL10-KO,1
13,-1.74083473723749,Ins2,IL10-KO,2
13,-3.51670401970705,Ins2,IL10-KO,3
13,-5.56937645279868,Ins2,IL10-KO,4
13,2.79128181698479,Ins1,DSS-IL10-KO,1
13,5.360783226884,Ins1,DSS-IL10-KO,2
13,-3.81471439034476,Ins1,DSS-IL10-KO,3
13,2.82243691228905,Ins1,DSS-IL10-KO,4
13,-4.5748608591025,Ins2,DSS-IL10-KO,1
13,1.39863821506424,Ins2,DSS-IL10-KO,2
13,-0.330501859490596,Ins2,DSS-IL10-KO,3
13,4.37269154827254,Ins2,DSS-IL10-KO,4
14,10.8372577895038,Ins1,IL10-KO,1
14,2.9859355299559,Ins1,IL10-KO,2
14,0.759424490224774,Ins1,IL10-KO,3
14,-1.98090612570195,Ins1,IL10-KO,4
14,2.39454960442708,Ins2,IL10-KO,1
14,2.32614591792026,Ins2,IL10-KO,2
14,2.0201563429855,Ins2,IL10-KO,3
14,1.94555355789498,Ins2,IL10-KO,4
14,2.3671733093729,Ins1,DSS-IL10-KO,1
14,-0.740384418221311,Ins1,DSS-IL10-KO,2
14,7.82248909330474,Ins1,DSS-IL10-KO,3
14,2.11374121509471,Ins1,DSS-IL10-KO,4
14,2.89124139613659,Ins2,DSS-IL10-KO,1
14,0.277389238008254,Ins2,DSS-IL10-KO,2
14,3.57622866390921,Ins2,DSS-IL10-KO,3
14,2.78725925294384,Ins2,DSS-IL10-KO,4
15,6.5961053186702,Ins1,IL10-KO,1
15,2.76330061211911,Ins1,IL10-KO,2
15,4.16494618830347,Ins1,IL10-KO,3
15,1.90205768763508,Ins1,IL10-KO,4
15,1.62744701310703,Ins2,IL10-KO,1
15,2.90180421586138,Ins2,IL10-KO,2
15,-0.851013479442372,Ins2,IL10-KO,3
15,2.23660948369252,Ins2,IL10-KO,4
15,0.97550849301706,Ins1,DSS-IL10-KO,1
15,4.40477650610865,Ins1,DSS-IL10-KO,2
15,6.9753923395333,Ins1,DSS-IL10-KO,3
15,5.28784069012818,Ins1,DSS-IL10-KO,4
15,5.27467163092342,Ins2,DSS-IL10-KO,1
15,0.226608760674935,Ins2,DSS-IL10-KO,2
15,0.95536118805876,Ins2,DSS-IL10-KO,3
15,-1.47328618515849,Ins2,DSS-IL10-KO,4
16,6.86173712481923,Ins1,IL10-KO,1
16,4.47260291376642,Ins1,IL10-KO,2
16,1.52006928374021,Ins1,IL10-KO,3
16,-2.58995863086011,Ins1,IL10-KO,4
16,-1.42801073023611,Ins2,IL10-KO,1
16,-1.78354357502531,Ins2,IL10-KO,2
16,4.663955247187,Ins2,IL10-KO,3
16,1.80272190592359,Ins2,IL10-KO,4
16,2.61852395988808,Ins1,DSS-IL10-KO,1
16,1.35668258658688,Ins1,DSS-IL10-KO,2
16,3.78664351223642,Ins1,DSS-IL10-KO,3
16,6.85801759571677,Ins1,DSS-IL10-KO,4
16,-0.611186563333831,Ins2,DSS-IL10-KO,1
16,0.685831352807782,Ins2,DSS-IL10-KO,2
16,-1.11444201496761,Ins2,DSS-IL10-KO,3
16,-2.34432945065691,Ins2,DSS-IL10-KO,4
17,11.2784551988711,Ins1,IL10-KO,1
17,-0.541210847453385,Ins1,IL10-KO,2
17,0.646898068110204,Ins1,IL10-KO,3
17,6.7955836622059,Ins1,IL10-KO,4
17,-1.66209259873176,Ins2,IL10-KO,1
17,-0.818762038403292,Ins2,IL10-KO,2
17,-1.9982095883679,Ins2,IL10-KO,3
17,-2.78941357121039,Ins2,IL10-KO,4
17,4.81023890666484,Ins1,DSS-IL10-KO,1
17,3.47227562338003,Ins1,DSS-IL10-KO,2
17,6.16701028224725,Ins1,DSS-IL10-KO,3
17,6.67473523215995,Ins1,DSS-IL10-KO,4
17,2.35797369311285,Ins2,DSS-IL10-KO,1
17,2.03624936846563,Ins2,DSS-IL10-KO,2
17,1.14874443370627,Ins2,DSS-IL10-KO,3
17,2.05194443423352,Ins2,DSS-IL10-KO,4
18,12.8911577309414,Ins1,IL10-KO,1
18,-1.56084479417768,Ins1,IL10-KO,2
18,0.19176387161815,Ins1,IL10-KO,3
18,1.67869131462066,Ins1,IL10-KO,4
18,0.111563662368098,Ins2,IL10-KO,1
18,0.667046042951824,Ins2,IL10-KO,2
18,-0.894855021266721,Ins2,IL10-KO,3
18,0.910557691353006,Ins2,IL10-KO,4
18,4.22485566252681,Ins1,DSS-IL10-KO,1
18,2.06021713241125,Ins1,DSS-IL10-KO,2
18,1.51240163743978,Ins1,DSS-IL10-KO,3
18,4.59587368125222,Ins1,DSS-IL10-KO,4
18,2.20859407900207,Ins2,DSS-IL10-KO,1
18,4.82895357835514,Ins2,DSS-IL10-KO,2
18,6.27487259759573,Ins2,DSS-IL10-KO,3
18,4.9989703467636,Ins2,DSS-IL10-KO,4
19,15.5224053593993,Ins1,IL10-KO,1
19,4.865975345469,Ins1,IL10-KO,2
19,0.385220774979189,Ins1,IL10-KO,3
19,3.11307063151207,Ins1,IL10-KO,4
19,-0.106754859813464,Ins2,IL10-KO,1
19,3.33017368895298,Ins2,IL10-KO,2
19,-3.36092827549419,Ins2,IL10-KO,3
19,1.97321059881779,Ins2,IL10-KO,4
19,1.10805371352399,Ins1,DSS-IL10-KO,1
19,7.25480773330446,Ins1,DSS-IL10-KO,2
19,1.2939573231115,Ins1,DSS-IL10-KO,3
19,-5.74655556784228,Ins1,DSS-IL10-KO,4
19,6.06189681108299,Ins2,DSS-IL10-KO,1
19,5.56390653551762,Ins2,DSS-IL10-KO,2
19,7.41080130446608,Ins2,DSS-IL10-KO,3
19,3.39161551250527,Ins2,DSS-IL10-KO,4
20,2.26339626204026,Ins1,IL10-KO,1
20,-1.19207672479706,Ins1,IL10-KO,2
20,4.42218879249231,Ins1,IL10-KO,3
20,0.700820983929134,Ins1,IL10-KO,4
20,-2.45016665865114,Ins2,IL10-KO,1
20,0.0683645047565733,Ins2,IL10-KO,2
20,2.16970166159126,Ins2,IL10-KO,3
20,4.68412394880261,Ins2,IL10-KO,4
20,-3.91032130096801,Ins1,DSS-IL10-KO,1
20,5.94472888636028,Ins1,DSS-IL10-KO,2
20,2.81380642520571,Ins1,DSS-IL10-KO,3
20,4.72537935438459,Ins1,DSS-IL10-KO,4
20,22.3029034680562,Ins2,DSS-IL10-KO,1
20,19.422647136596,Ins2,DSS-IL10-KO,2
20,16.8593058214856,Ins2,DSS-IL10-KO,3
20,13.7230922714966,Ins2,DSS-IL10-KO,4
21,8.41502212822434,Ins1,IL10-KO,1
21,5.48104972466626,Ins1,IL10-KO,2
21,-1.67001977321934,Ins1,IL10-KO,3
21,1.84317206178048,Ins1,IL10-KO,4
21,5.09702256831406,Ins2,IL10-KO,1
21,1.6240889870528,Ins2,IL10-KO,2
21,4.93260311859694,Ins2,IL10-KO,3
21,0.368273167819098,Ins2,IL10-KO,4
21,0.27877706278332,Ins1,DSS-IL10-KO,1
21,3.4847466759411,Ins1,DSS-IL10-KO,2
21,7.58744654488646,Ins1,DSS-IL10-KO,3
21,1.7810548650632,Ins1,DSS-IL10-KO,4
21,38.9442901672501,Ins2,DSS-IL10-KO,1
21,37.7314023186336,Ins2,DSS-IL10-KO,2
21,34.438268154161,Ins2,DSS-IL10-KO,3
21,26.4143159855207,Ins2,DSS-IL10-KO,4
22,8.45205187771535,Ins1,IL10-KO,1
22,5.58005853986697,Ins1,IL10-KO,2
22,4.43587379371502,Ins1,IL10-KO,3
22,1.57864386529536,Ins1,IL10-KO,4
22,1.48316601148872,Ins2,IL10-KO,1
22,5.4125094801152,Ins2,IL10-KO,2
22,6.32742936463182,Ins2,IL10-KO,3
22,0.559189047814925,Ins2,IL10-KO,4
22,9.73811151448172,Ins1,DSS-IL10-KO,1
22,0.970428633504525,Ins1,DSS-IL10-KO,2
22,5.1942470831209,Ins1,DSS-IL10-KO,3
22,3.12151751152487,Ins1,DSS-IL10-KO,4
22,87.8446614584019,Ins2,DSS-IL10-KO,1
22,77.0189397123986,Ins2,DSS-IL10-KO,2
22,69.0657234215714,Ins2,DSS-IL10-KO,3
22,62.8589051565259,Ins2,DSS-IL10-KO,4
23,8.82997518441971,Ins1,IL10-KO,1
23,-0.617863632645822,Ins1,IL10-KO,2
23,1.58779441681645,Ins1,IL10-KO,3
23,6.66371048290102,Ins1,IL10-KO,4
23,6.47917376554005,Ins2,IL10-KO,1
23,11.5544415624381,Ins2,IL10-KO,2
23,13.4526209924288,Ins2,IL10-KO,3
23,3.86562425804823,Ins2,IL10-KO,4
23,6.07777508463505,Ins1,DSS-IL10-KO,1
23,3.91181133113378,Ins1,DSS-IL10-KO,2
23,8.03405344231714,Ins1,DSS-IL10-KO,3
23,-6.01699024718482,Ins1,DSS-IL10-KO,4
23,157.599767277394,Ins2,DSS-IL10-KO,1
23,154.886745682582,Ins2,DSS-IL10-KO,2
23,138.04936765011,Ins2,DSS-IL10-KO,3
23,123.484990740598,Ins2,DSS-IL10-KO,4
24,6.8321475277985,Ins1,IL10-KO,1
24,1.03504884787753,Ins1,IL10-KO,2
24,-1.65058899087626,Ins1,IL10-KO,3
24,5.71706186889287,Ins1,IL10-KO,4
24,8.34876506974934,Ins2,IL10-KO,1
24,19.381569826061,Ins2,IL10-KO,2
24,19.1620262416313,Ins2,IL10-KO,3
24,6.13584373074809,Ins2,IL10-KO,4
24,-1.05090647501856,Ins1,DSS-IL10-KO,1
24,4.25224169931334,Ins1,DSS-IL10-KO,2
24,6.84008419378915,Ins1,DSS-IL10-KO,3
24,3.98916574129089,Ins1,DSS-IL10-KO,4
24,257.419171463376,Ins2,DSS-IL10-KO,1
24,253.686954486703,Ins2,DSS-IL10-KO,2
24,227.96981958834,Ins2,DSS-IL10-KO,3
24,204.521651517901,Ins2,DSS-IL10-KO,4
25,5.59119143123826,Ins1,IL10-KO,1
25,-2.91702590013438,Ins1,IL10-KO,2
25,4.30842673813186,Ins1,IL10-KO,3
25,0.402340183259184,Ins1,IL10-KO,4
25,23.5053955615417,Ins2,IL10-KO,1
25,31.1742480473349,Ins2,IL10-KO,2
25,30.3083274663318,Ins2,IL10-KO,3
25,19.3404271858353,Ins2,IL10-KO,4
25,1.01951310505137,Ins1,DSS-IL10-KO,1
25,0.184831097435108,Ins1,DSS-IL10-KO,2
25,1.50101878875421,Ins1,DSS-IL10-KO,3
25,3.10599083961915,Ins1,DSS-IL10-KO,4
25,382.204301775702,Ins2,DSS-IL10-KO,1
25,378.46053880497,Ins2,DSS-IL10-KO,2
25,345.375281571314,Ins2,DSS-IL10-KO,3
25,308.179073403714,Ins2,DSS-IL10-KO,4
26,3.69825216677009,Ins1,IL10-KO,1
26,-0.331112038396441,Ins1,IL10-KO,2
26,0.820028836682013,Ins1,IL10-KO,3
26,6.22549389387586,Ins1,IL10-KO,4
26,43.7803592300688,Ins2,IL10-KO,1
26,58.7207554725992,Ins2,IL10-KO,2
26,61.1790041878435,Ins2,IL10-KO,3
26,45.0905667165007,Ins2,IL10-KO,4
26,-1.35025374162433,Ins1,DSS-IL10-KO,1
26,0.827969517788006,Ins1,DSS-IL10-KO,2
26,0.268264734931563,Ins1,DSS-IL10-KO,3
26,-2.91325902504923,Ins1,DSS-IL10-KO,4
26,515.738941688196,Ins2,DSS-IL10-KO,1
26,516.935474145076,Ins2,DSS-IL10-KO,2
26,472.209277127579,Ins2,DSS-IL10-KO,3
26,421.690633211968,Ins2,DSS-IL10-KO,4
27,5.85108188989943,Ins1,IL10-KO,1
27,-0.508898156993837,Ins1,IL10-KO,2
27,5.33292080680258,Ins1,IL10-KO,3
27,4.11965105050194,Ins1,IL10-KO,4
27,88.8496458729293,Ins2,IL10-KO,1
27,113.436789765186,Ins2,IL10-KO,2
27,116.200195156236,Ins2,IL10-KO,3
27,86.2564253986243,Ins2,IL10-KO,4
27,-2.06703710839247,Ins1,DSS-IL10-KO,1
27,-3.93525579210973,Ins1,DSS-IL10-KO,2
27,6.44531468528658,Ins1,DSS-IL10-KO,3
27,0.936960629837813,Ins1,DSS-IL10-KO,4
27,643.577880515758,Ins2,DSS-IL10-KO,1
27,648.706586362836,Ins2,DSS-IL10-KO,2
27,597.865471133116,Ins2,DSS-IL10-KO,3
27,527.346092527729,Ins2,DSS-IL10-KO,4
28,0.801230921125807,Ins1,IL10-KO,1
28,3.88980633083565,Ins1,IL10-KO,2
28,4.34053772421021,Ins1,IL10-KO,3
28,4.23621873262846,Ins1,IL10-KO,4
28,152.224014275068,Ins2,IL10-KO,1
28,189.284486877183,Ins2,IL10-KO,2
28,194.442724824737,Ins2,IL10-KO,3
28,155.987334728611,Ins2,IL10-KO,4
28,1.8329192632491,Ins1,DSS-IL10-KO,1
28,-0.966856364148953,Ins1,DSS-IL10-KO,2
28,2.98870529837677,Ins1,DSS-IL10-KO,3
28,-1.49546499238068,Ins1,DSS-IL10-KO,4
28,752.898130762397,Ins2,DSS-IL10-KO,1
28,762.997876143645,Ins2,DSS-IL10-KO,2
28,706.839461560316,Ins2,DSS-IL10-KO,3
28,618.28249987508,Ins2,DSS-IL10-KO,4
29,2.87763165053593,Ins1,IL10-KO,1
29,3.767221359014,Ins1,IL10-KO,2
29,-1.84343641768555,Ins1,IL10-KO,3
29,3.8681571575994,Ins1,IL10-KO,4
29,239.328874057435,Ins2,IL10-KO,1
29,295.159465348035,Ins2,IL10-KO,2
29,302.519594445948,Ins2,IL10-KO,3
29,246.844882238857,Ins2,IL10-KO,4
29,-2.04866911409044,Ins1,DSS-IL10-KO,1
29,-1.83529651040362,Ins1,DSS-IL10-KO,2
29,0.571960030870286,Ins1,DSS-IL10-KO,3
29,-5.38478869557775,Ins1,DSS-IL10-KO,4
29,846.208581420488,Ins2,DSS-IL10-KO,1
29,860.122388695028,Ins2,DSS-IL10-KO,2
29,799.807515988178,Ins2,DSS-IL10-KO,3
29,693.567736211322,Ins2,DSS-IL10-KO,4
30,7.03284817943268,Ins1,IL10-KO,1
30,2.75221939748099,Ins1,IL10-KO,2
30,1.64954285400108,Ins1,IL10-KO,3
30,-1.65290583526394,Ins1,IL10-KO,4
30,347.741457667923,Ins2,IL10-KO,1
30,418.911277424312,Ins2,IL10-KO,2
30,430.620698789454,Ins2,IL10-KO,3
30,356.302671117117,Ins2,IL10-KO,4
30,-0.671211482413582,Ins1,DSS-IL10-KO,1
30,-1.80991080211788,Ins1,DSS-IL10-KO,2
30,3.94064134878136,Ins1,DSS-IL10-KO,3
30,3.84556438401205,Ins1,DSS-IL10-KO,4
30,921.410522569661,Ins2,DSS-IL10-KO,1
30,940.904432852749,Ins2,DSS-IL10-KO,2
30,876.143806658908,Ins2,DSS-IL10-KO,3
30,757.908959063056,Ins2,DSS-IL10-KO,4
31,2.10895536698126,Ins1,IL10-KO,1
31,4.85828040196429,Ins1,IL10-KO,2
31,-4.64571203106334,Ins1,IL10-KO,3
31,2.10075310594038,Ins1,IL10-KO,4
31,462.358762238616,Ins2,IL10-KO,1
31,544.437050220209,Ins2,IL10-KO,2
31,561.762611005106,Ins2,IL10-KO,3
31,474.147135090529,Ins2,IL10-KO,4
31,7.61417756054789,Ins1,DSS-IL10-KO,1
31,-1.08002393215202,Ins1,DSS-IL10-KO,2
31,0.321828989093774,Ins1,DSS-IL10-KO,3
31,1.61919453871633,Ins1,DSS-IL10-KO,4
31,983.470113168013,Ins2,DSS-IL10-KO,1
31,1008.93406973881,Ins2,DSS-IL10-KO,2
31,939.543871292675,Ins2,DSS-IL10-KO,3
31,809.156132405843,Ins2,DSS-IL10-KO,4
32,6.26237471576178,Ins1,IL10-KO,1
32,-2.63994935073151,Ins1,IL10-KO,2
32,0.816650076281803,Ins1,IL10-KO,3
32,3.70387461170731,Ins1,IL10-KO,4
32,574.867363135284,Ins2,IL10-KO,1
32,658.90184127472,Ins2,IL10-KO,2
32,681.952816896751,Ins2,IL10-KO,3
32,584.813127208761,Ins2,IL10-KO,4
32,9.92410749775263,Ins1,DSS-IL10-KO,1
32,0.0475976052148326,Ins1,DSS-IL10-KO,2
32,3.54388268046614,Ins1,DSS-IL10-KO,3
32,3.63160663916278,Ins1,DSS-IL10-KO,4
32,1031.16839064167,Ins2,DSS-IL10-KO,1
32,1062.97045367856,Ins2,DSS-IL10-KO,2
32,991.952747964972,Ins2,DSS-IL10-KO,3
32,851.848646277589,Ins2,DSS-IL10-KO,4
33,0.856642197081783,Ins1,IL10-KO,1
33,-3.6572790877949,Ins1,IL10-KO,2
33,-0.768218465338578,Ins1,IL10-KO,3
33,5.21421006365199,Ins1,IL10-KO,4
33,674.231059267067,Ins2,IL10-KO,1
33,758.039643654682,Ins2,IL10-KO,2
33,785.177206086181,Ins2,IL10-KO,3
33,683.819154114443,Ins2,IL10-KO,4
33,26.4177337951387,Ins1,DSS-IL10-KO,1
33,0.137722674783163,Ins1,DSS-IL10-KO,2
33,-0.0185886616591233,Ins1,DSS-IL10-KO,3
33,4.72189612574857,Ins1,DSS-IL10-KO,4
33,1071.94915792127,Ins2,DSS-IL10-KO,1
33,1107.93755373935,Ins2,DSS-IL10-KO,2
33,1034.65247829124,Ins2,DSS-IL10-KO,3
33,884.555989153312,Ins2,DSS-IL10-KO,4
34,-6.91510528712206,Ins1,IL10-KO,1
34,0.884171109309136,Ins1,IL10-KO,2
34,1.60337312295314,Ins1,IL10-KO,3
34,4.43538993827451,Ins1,IL10-KO,4
34,759.247958668125,Ins2,IL10-KO,1
34,841.126207048692,Ins2,IL10-KO,2
34,872.376374657621,Ins2,IL10-KO,3
34,768.737591439645,Ins2,IL10-KO,4
34,47.2741658666732,Ins1,DSS-IL10-KO,1
34,13.4506280569476,Ins1,DSS-IL10-KO,2
34,-7.39373517755712,Ins1,DSS-IL10-KO,3
34,21.6010162203834,Ins1,DSS-IL10-KO,4
34,1105.91606605851,Ins2,DSS-IL10-KO,1
34,1145.350493442,Ins2,DSS-IL10-KO,2
34,1071.49346508067,Ins2,DSS-IL10-KO,3
34,914.84884058956,Ins2,DSS-IL10-KO,4
35,-7.25862401745371,Ins1,IL10-KO,1
35,2.46982404349683,Ins1,IL10-KO,2
35,1.63653197837448,Ins1,IL10-KO,3
35,-4.24131459980481,Ins1,IL10-KO,4
35,826.220794116138,Ins2,IL10-KO,1
35,905.419517857635,Ins2,IL10-KO,2
35,940.072940140361,Ins2,IL10-KO,3
35,836.326023254878,Ins2,IL10-KO,4
35,99.2011272878446,Ins1,DSS-IL10-KO,1
35,27.6465927558133,Ins1,DSS-IL10-KO,2
35,0.718943419209609,Ins1,DSS-IL10-KO,3
35,45.1058453473347,Ins1,DSS-IL10-KO,4
35,1133.03145025342,Ins2,DSS-IL10-KO,1
35,1176.42884810347,Ins2,DSS-IL10-KO,2
35,1101.55276548889,Ins2,DSS-IL10-KO,3
35,938.346902717532,Ins2,DSS-IL10-KO,4
36,-4.6313198125481,Ins1,IL10-KO,1
36,-2.8728505557624,Ins1,IL10-KO,2
36,-0.328985119675053,Ins1,IL10-KO,3
36,1.65903325213594,Ins1,IL10-KO,4
36,882.360803856614,Ins2,IL10-KO,1
36,957.748896120886,Ins2,IL10-KO,2
36,998.741198372414,Ins2,IL10-KO,3
36,895.859721864544,Ins2,IL10-KO,4
36,173.726067971319,Ins1,DSS-IL10-KO,1
36,67.9758198364821,Ins1,DSS-IL10-KO,2
36,0.364341076946857,Ins1,DSS-IL10-KO,3
36,91.8006632320357,Ins1,DSS-IL10-KO,4
36,1158.8918583614,Ins2,DSS-IL10-KO,1
36,1207.87408353523,Ins2,DSS-IL10-KO,2
36,1127.37790950581,Ins2,DSS-IL10-KO,3
36,960.415430387256,Ins2,DSS-IL10-KO,4
37,-4.10753324186817,Ins1,IL10-KO,1
37,-1.31448455937198,Ins1,IL10-KO,2
37,3.26668226541187,Ins1,IL10-KO,3
37,0.396066532622172,Ins1,IL10-KO,4
37,930.248941289958,Ins2,IL10-KO,1
37,1002.66369631535,Ins2,IL10-KO,2
37,1044.49542276965,Ins2,IL10-KO,3
37,944.621835058262,Ins2,IL10-KO,4
37,270.405873825495,Ins1,DSS-IL10-KO,1
37,131.652875238271,Ins1,DSS-IL10-KO,2
37,-7.11532212894235,Ins1,DSS-IL10-KO,3
37,175.137953821026,Ins1,DSS-IL10-KO,4
37,1180.70727881106,Ins2,DSS-IL10-KO,1
37,1233.72696898977,Ins2,DSS-IL10-KO,2
37,1151.08171680521,Ins2,DSS-IL10-KO,3
37,976.129689314501,Ins2,DSS-IL10-KO,4
38,-6.83061640855294,Ins1,IL10-KO,1
38,-1.00414969706253,Ins1,IL10-KO,2
38,5.91507138586076,Ins1,IL10-KO,3
38,-11.8193053433447,Ins1,IL10-KO,4
38,973.591536348972,Ins2,IL10-KO,1
38,1043.95296347308,Ins2,IL10-KO,2
38,1087.18922281946,Ins2,IL10-KO,3
38,988.365092988176,Ins2,IL10-KO,4
38,386.585737375551,Ins1,DSS-IL10-KO,1
38,213.282609747171,Ins1,DSS-IL10-KO,2
38,-2.84181493077767,Ins1,DSS-IL10-KO,3
38,270.70515649934,Ins1,DSS-IL10-KO,4
38,1202.51648263176,Ins2,DSS-IL10-KO,1
38,1258.19312713972,Ins2,DSS-IL10-KO,2
38,1172.75053992999,Ins2,DSS-IL10-KO,3
38,992.534556628757,Ins2,DSS-IL10-KO,4
39,-9.12060753325341,Ins1,IL10-KO,1
39,2.67073962071072,Ins1,IL10-KO,2
39,-1.59791805999294,Ins1,IL10-KO,3
39,-4.60350073376867,Ins1,IL10-KO,4
39,1008.2354629241,Ins2,IL10-KO,1
39,1077.83192008178,Ins2,IL10-KO,2
39,1118.95443144104,Ins2,IL10-KO,3
39,1024.11990106651,Ins2,IL10-KO,4
39,495.615914444463,Ins1,DSS-IL10-KO,1
39,312.363034067644,Ins1,DSS-IL10-KO,2
39,-5.77335437846386,Ins1,DSS-IL10-KO,3
39,375.984896153935,Ins1,DSS-IL10-KO,4
39,1218.54645455766,Ins2,DSS-IL10-KO,1
39,1275.25011342982,Ins2,DSS-IL10-KO,2
39,1190.95344835665,Ins2,DSS-IL10-KO,3
39,1005.01311124541,Ins2,DSS-IL10-KO,4
40,-6.84553703892834,Ins1,IL10-KO,1
40,-0.68550467771729,Ins1,IL10-KO,2
40,-8.12319212653301,Ins1,IL10-KO,3
40,-6.29898841266277,Ins1,IL10-KO,4
40,1036.88796862675,Ins2,IL10-KO,1
40,1106.43746854995,Ins2,IL10-KO,2
40,1146.54679392676,Ins2,IL10-KO,3
40,1057.92765089498,Ins2,IL10-KO,4
40,597.939519123834,Ins1,DSS-IL10-KO,1
40,417.36508233693,Ins1,DSS-IL10-KO,2
40,-0.288809638580005,Ins1,DSS-IL10-KO,3
40,481.257798712194,Ins1,DSS-IL10-KO,4
40,1234.76352428846,Ins2,DSS-IL10-KO,1
40,1291.4870005991,Ins2,DSS-IL10-KO,2
40,1204.98788157459,Ins2,DSS-IL10-KO,3
40,1017.72220947721,Ins2,DSS-IL10-KO,4
1,-8.81068975383232,Ins1,CTRL,1
1,-12.970536329517,Ins1,CTRL,2
1,-4.74634350277392,Ins1,CTRL,3
1,-18.3978606971932,Ins1,CTRL,4
1,2.28237818883099,Ins2,CTRL,1
1,-5.8583086924923,Ins2,CTRL,2
1,2.13567559119065,Ins2,CTRL,3
1,-3.90493976554944,Ins2,CTRL,4
2,-10.3099574834991,Ins1,CTRL,1
2,-5.29912445124819,Ins1,CTRL,2
2,-0.252272422161241,Ins1,CTRL,3
2,-5.98710713351011,Ins1,CTRL,4
2,2.21867620055491,Ins2,CTRL,1
2,-1.01314577803123,Ins2,CTRL,2
2,-3.05076550382546,Ins2,CTRL,3
2,0.0377420505233204,Ins2,CTRL,4
3,-6.14574253651062,Ins1,CTRL,1
3,-4.40199619750228,Ins1,CTRL,2
3,-4.78049791569902,Ins1,CTRL,3
3,-1.00698043533794,Ins1,CTRL,4
3,1.349239481734,Ins2,CTRL,1
3,2.12015111709752,Ins2,CTRL,2
3,-0.0629462023330234,Ins2,CTRL,3
3,0.441315864766693,Ins2,CTRL,4
4,-3.36392830973091,Ins1,CTRL,1
4,-5.45201601209965,Ins1,CTRL,2
4,3.073362721183,Ins1,CTRL,3
4,-7.40068907170371,Ins1,CTRL,4
4,-0.163973726393579,Ins2,CTRL,1
4,-1.09865551509301,Ins2,CTRL,2
4,1.29147413718738,Ins2,CTRL,3
4,1.61973186520117,Ins2,CTRL,4
5,-2.3987938982782,Ins1,CTRL,1
5,-2.77140497659275,Ins1,CTRL,2
5,-3.29896091968476,Ins1,CTRL,3
5,-4.56766287389883,Ins1,CTRL,4
5,1.44729140519848,Ins2,CTRL,1
5,-0.69094220883062,Ins2,CTRL,2
5,0.975388599397775,Ins2,CTRL,3
5,1.46693373667313,Ins2,CTRL,4
6,-0.574325754149868,Ins1,CTRL,1
6,-1.68822594729636,Ins1,CTRL,2
6,3.47975719325495,Ins1,CTRL,3
6,3.38510032111708,Ins1,CTRL,4
6,2.51230665294997,Ins2,CTRL,1
6,1.73294351897084,Ins2,CTRL,2
6,-1.79465839380282,Ins2,CTRL,3
6,0.99156582233536,Ins2,CTRL,4
7,2.4922149661943,Ins1,CTRL,1
7,-0.94166679024147,Ins1,CTRL,2
7,0.444760806130034,Ins1,CTRL,3
7,2.17999687846122,Ins1,CTRL,4
7,3.89945444509476,Ins2,CTRL,1
7,0.785214732228269,Ins2,CTRL,2
7,0.884660353171057,Ins2,CTRL,3
7,2.216720974493,Ins2,CTRL,4
8,-4.24758967144271,Ins1,CTRL,1
8,-0.561943785803578,Ins1,CTRL,2
8,3.49593249645568,Ins1,CTRL,3
8,6.52379340813513,Ins1,CTRL,4
8,-0.577193965687002,Ins2,CTRL,1
8,1.03347150674062,Ins2,CTRL,2
8,4.49628998801973,Ins2,CTRL,3
8,1.56373925998469,Ins2,CTRL,4
9,2.24362738669333,Ins1,CTRL,1
9,-3.71297544200206,Ins1,CTRL,2
9,-2.96345505169029,Ins1,CTRL,3
9,0.120329510707961,Ins1,CTRL,4
9,-0.353442571015421,Ins2,CTRL,1
9,3.19468947363293,Ins2,CTRL,2
9,-0.586578030306555,Ins2,CTRL,3
9,-0.424402381800064,Ins2,CTRL,4
10,0.88693044799038,Ins1,CTRL,1
10,0.709044241009451,Ins1,CTRL,2
10,1.12073135231412,Ins1,CTRL,3
10,0.19776680003315,Ins1,CTRL,4
10,4.08950461871791,Ins2,CTRL,1
10,3.8843242204116,Ins2,CTRL,2
10,-0.00457704589416608,Ins2,CTRL,3
10,3.32064457841989,Ins2,CTRL,4
11,7.51683146198911,Ins1,CTRL,1
11,-2.60626879487609,Ins1,CTRL,2
11,2.21330796540087,Ins1,CTRL,3
11,4.9606128284845,Ins1,CTRL,4
11,-3.48901434920208,Ins2,CTRL,1
11,0.477305425834857,Ins2,CTRL,2
11,5.46073543104421,Ins2,CTRL,3
11,-0.634199902356158,Ins2,CTRL,4
12,5.02046821223303,Ins1,CTRL,1
12,2.1349827035101,Ins1,CTRL,2
12,0.162538358395523,Ins1,CTRL,3
12,2.83370387495188,Ins1,CTRL,4
12,0.0124704633171859,Ins2,CTRL,1
12,2.5252021983315,Ins2,CTRL,2
12,6.58677113343401,Ins2,CTRL,3
12,-0.776206102987544,Ins2,CTRL,4
13,7.39315436252673,Ins1,CTRL,1
13,3.70025445804822,Ins1,CTRL,2
13,0.468648481144555,Ins1,CTRL,3
13,2.56514837075611,Ins1,CTRL,4
13,3.0571162680867,Ins2,CTRL,1
13,3.8135764085032,Ins2,CTRL,2
13,1.28868117072807,Ins2,CTRL,3
13,-3.91281498188528,Ins2,CTRL,4
14,2.29184212406199,Ins1,CTRL,1
14,1.48547910681327,Ins1,CTRL,2
14,-1.53123714594176,Ins1,CTRL,3
14,3.11857233858882,Ins1,CTRL,4
14,0.575634720907146,Ins2,CTRL,1
14,-2.09361388867137,Ins2,CTRL,2
14,-0.507036174785298,Ins2,CTRL,3
14,6.76208931642896,Ins2,CTRL,4
15,8.32868406633634,Ins1,CTRL,1
15,0.522461970323548,Ins1,CTRL,2
15,4.7919152506438,Ins1,CTRL,3
15,3.66074839207749,Ins1,CTRL,4
15,0.646675761408005,Ins2,CTRL,1
15,2.66237991247135,Ins2,CTRL,2
15,1.82966056238274,Ins2,CTRL,3
15,-0.624077768191,Ins2,CTRL,4
16,4.534611827763,Ins1,CTRL,1
16,8.06706841491268,Ins1,CTRL,2
16,0.903625828463191,Ins1,CTRL,3
16,1.19598686980953,Ins1,CTRL,4
16,1.75809946584059,Ins2,CTRL,1
16,0.663757626439292,Ins2,CTRL,2
16,1.99844659275641,Ins2,CTRL,3
16,2.75945369333294,Ins2,CTRL,4
17,7.16515382155649,Ins1,CTRL,1
17,5.78815617804003,Ins1,CTRL,2
17,3.70291257515964,Ins1,CTRL,3
17,7.7845586974554,Ins1,CTRL,4
17,0.0925113332582441,Ins2,CTRL,1
17,-0.32622656884314,Ins2,CTRL,2
17,-0.701754078796057,Ins2,CTRL,3
17,0.986019964019761,Ins2,CTRL,4
18,5.00163792297963,Ins1,CTRL,1
18,3.22506107241907,Ins1,CTRL,2
18,3.32678987309737,Ins1,CTRL,3
18,0.0085866025588075,Ins1,CTRL,4
18,0.82430176053731,Ins2,CTRL,1
18,1.79149530377117,Ins2,CTRL,2
18,2.15082218045609,Ins2,CTRL,3
18,-0.532882804353449,Ins2,CTRL,4
19,1.35729745310482,Ins1,CTRL,1
19,2.24333811300858,Ins1,CTRL,2
19,4.26814590625099,Ins1,CTRL,3
19,2.13677107352305,Ins1,CTRL,4
19,2.82303112057934,Ins2,CTRL,1
19,-2.0034933595698,Ins2,CTRL,2
19,-1.81669546439662,Ins2,CTRL,3
19,-0.0887030996073008,Ins2,CTRL,4
20,3.91251859841304,Ins1,CTRL,1
20,1.44045286065148,Ins1,CTRL,2
20,1.15529367456747,Ins1,CTRL,3
20,5.46882468158719,Ins1,CTRL,4
20,2.27799064415785,Ins2,CTRL,1
20,-2.3314887354004,Ins2,CTRL,2
20,-2.85678072924929,Ins2,CTRL,3
20,-1.1362510275726,Ins2,CTRL,4
21,1.92695169858462,Ins1,CTRL,1
21,6.12684407214056,Ins1,CTRL,2
21,4.71451543826925,Ins1,CTRL,3
21,2.68136861075982,Ins1,CTRL,4
21,5.96128635556488,Ins2,CTRL,1
21,6.11479656758092,Ins2,CTRL,2
21,-1.16817707391829,Ins2,CTRL,3
21,0.691014659823395,Ins2,CTRL,4
22,1.58917222235641,Ins1,CTRL,1
22,4.060603668976,Ins1,CTRL,2
22,0.247082087400486,Ins1,CTRL,3
22,1.46491812591512,Ins1,CTRL,4
22,8.00516050255055,Ins2,CTRL,1
22,5.1805856858814,Ins2,CTRL,2
22,6.66529422518988,Ins2,CTRL,3
22,6.12390786367405,Ins2,CTRL,4
23,-2.69557127990993,Ins1,CTRL,1
23,9.6158677258677,Ins1,CTRL,2
23,11.0256721384872,Ins1,CTRL,3
23,-1.39956948201962,Ins1,CTRL,4
23,19.9849432043175,Ins2,CTRL,1
23,18.7958002666519,Ins2,CTRL,2
23,13.73186472511,Ins2,CTRL,3
23,14.3940997553955,Ins2,CTRL,4
24,0.086233986136449,Ins1,CTRL,1
24,7.88290630642541,Ins1,CTRL,2
24,2.8553274943788,Ins1,CTRL,3
24,4.74882160322795,Ins1,CTRL,4
24,35.3245542132404,Ins2,CTRL,1
24,34.2714944650902,Ins2,CTRL,2
24,32.570664165662,Ins2,CTRL,3
24,28.0213443179996,Ins2,CTRL,4
25,0.792353847516551,Ins1,CTRL,1
25,-1.52595795407069,Ins1,CTRL,2
25,-0.726969895469665,Ins1,CTRL,3
25,1.18444917102579,Ins1,CTRL,4
25,64.6259372215131,Ins2,CTRL,1
25,68.1270456583502,Ins2,CTRL,2
25,63.1256399579997,Ins2,CTRL,3
25,60.2253727836751,Ins2,CTRL,4
26,-4.68402316721722,Ins1,CTRL,1
26,8.02979096327726,Ins1,CTRL,2
26,-0.710782674110305,Ins1,CTRL,3
26,-0.558032699032992,Ins1,CTRL,4
26,117.901567907292,Ins2,CTRL,1
26,119.356624159901,Ins2,CTRL,2
26,106.229855969286,Ins2,CTRL,3
26,105.964767710864,Ins2,CTRL,4
27,-1.67486468793641,Ins1,CTRL,1
27,7.65525508508563,Ins1,CTRL,2
27,-2.60626314303227,Ins1,CTRL,3
27,0.218047574516731,Ins1,CTRL,4
27,208.534694066665,Ins2,CTRL,1
27,211.905642330155,Ins2,CTRL,2
27,187.103371822461,Ins2,CTRL,3
27,189.916755223892,Ins2,CTRL,4
28,-3.08941587060463,Ins1,CTRL,1
28,2.42205371077989,Ins1,CTRL,2
28,0.721757480850101,Ins1,CTRL,3
28,4.40373374612272,Ins1,CTRL,4
28,312.130198796559,Ins2,CTRL,1
28,318.477293939289,Ins2,CTRL,2
28,276.176083001845,Ins2,CTRL,3
28,285.161855599626,Ins2,CTRL,4
29,0.551289080620336,Ins1,CTRL,1
29,1.67968163087107,Ins1,CTRL,2
29,-5.19597780062713,Ins1,CTRL,3
29,-2.5622426704831,Ins1,CTRL,4
29,427.125642231812,Ins2,CTRL,1
29,434.551559367842,Ins2,CTRL,2
29,373.542109572237,Ins2,CTRL,3
29,386.982178308714,Ins2,CTRL,4
30,-2.25601012162724,Ins1,CTRL,1
30,1.37596587491998,Ins1,CTRL,2
30,3.98350379341218,Ins1,CTRL,3
30,-2.41178881263932,Ins1,CTRL,4
30,539.293137659921,Ins2,CTRL,1
30,549.274564997036,Ins2,CTRL,2
30,465.192579086757,Ins2,CTRL,3
30,488.787777367331,Ins2,CTRL,4
31,1.16355610491382,Ins1,CTRL,1
31,-0.875421921468387,Ins1,CTRL,2
31,-2.16818310453027,Ins1,CTRL,3
31,-4.8924163614206,Ins1,CTRL,4
31,638.345381498947,Ins2,CTRL,1
31,649.567948276346,Ins2,CTRL,2
31,546.234323516558,Ins2,CTRL,3
31,577.605101316116,Ins2,CTRL,4
32,1.04678032006132,Ins1,CTRL,1
32,3.02515946447056,Ins1,CTRL,2
32,-1.42030226221868,Ins1,CTRL,3
32,3.9311685958719,Ins1,CTRL,4
32,719.397831227588,Ins2,CTRL,1
32,733.846353585903,Ins2,CTRL,2
32,614.670394914571,Ins2,CTRL,3
32,653.96597593913,Ins2,CTRL,4
33,12.6516036378725,Ins1,CTRL,1
33,3.54074614790579,Ins1,CTRL,2
33,2.54526573967723,Ins1,CTRL,3
33,2.3902949133726,Ins1,CTRL,4
33,784.423786966261,Ins2,CTRL,1
33,802.339493270774,Ins2,CTRL,2
33,671.019211012049,Ins2,CTRL,3
33,718.248670895434,Ins2,CTRL,4
34,33.5087869816025,Ins1,CTRL,1
34,0.676145874941994,Ins1,CTRL,2
34,5.29743590137559,Ins1,CTRL,3
34,5.38326600849132,Ins1,CTRL,4
34,837.322198962522,Ins2,CTRL,1
34,858.446229180592,Ins2,CTRL,2
34,716.75638142199,Ins2,CTRL,3
34,771.525494022451,Ins2,CTRL,4
35,66.471369549316,Ins1,CTRL,1
35,-0.717650845965181,Ins1,CTRL,2
35,20.9582170530584,Ins1,CTRL,3
35,21.3097016451216,Ins1,CTRL,4
35,882.609862292629,Ins2,CTRL,1
35,906.00034394652,Ins2,CTRL,2
35,754.138368642978,Ins2,CTRL,3
35,818.852426619902,Ins2,CTRL,4
36,119.494652667826,Ins1,CTRL,1
36,-3.62386258961533,Ins1,CTRL,2
36,34.6988497157568,Ins1,CTRL,3
36,44.1505951319928,Ins1,CTRL,4
36,921.36596463758,Ins2,CTRL,1
36,947.364600513144,Ins2,CTRL,2
36,786.26417762746,Ins2,CTRL,3
36,857.373672680806,Ins2,CTRL,4
37,201.962879377569,Ins1,CTRL,1
37,-1.56429935863616,Ins1,CTRL,2
37,64.171773067751,Ins1,CTRL,3
37,90.7167804189326,Ins1,CTRL,4
37,954.788929494026,Ins2,CTRL,1
37,983.308149979309,Ins2,CTRL,2
37,815.212890702917,Ins2,CTRL,3
37,894.334695081827,Ins2,CTRL,4
38,285.851676808024,Ins1,CTRL,1
38,-4.72002589451085,Ins1,CTRL,2
38,101.364677875375,Ins1,CTRL,3
38,177.477885601021,Ins1,CTRL,4
38,981.438202959142,Ins2,CTRL,1
38,1016.04047211741,Ins2,CTRL,2
38,840.463588115779,Ins2,CTRL,3
38,924.25450782625,Ins2,CTRL,4
39,372.959906497621,Ins1,CTRL,1
39,-5.66928511444712,Ins1,CTRL,2
39,171.052148958663,Ins1,CTRL,3
39,281.878787141577,Ins1,CTRL,4
39,1003.58125545276,Ins2,CTRL,1
39,1041.27354307333,Ins2,CTRL,2
39,863.263243489506,Ins2,CTRL,3
39,950.316466376994,Ins2,CTRL,4
40,459.132498740004,Ins1,CTRL,1
40,-7.29401868153991,Ins1,CTRL,2
40,246.890438293934,Ins1,CTRL,3
40,403.9194850406,Ins1,CTRL,4
40,1022.14982711795,Ins2,CTRL,1
40,1062.16983001524,Ins2,CTRL,2
40,884.43412513666,Ins2,CTRL,3
40,971.301024110148,Ins2,CTRL,4
