ID,Group,Week,FBG,Week_num,Replicate
ID14,CTRL,Week 0,197,0,Rep1
ID14,CTRL,Week 1,192,1,Rep1
ID14,CTRL,Week 2,151,2,Rep1
ID14,CTRL,Week 3,180,3,Rep1
ID14,CTRL,Week 4,180,4,Rep1
ID14,CTRL,Week 5,184,5,Rep1
ID14,CTRL,Week 6,144,6,Rep1
ID14,CTRL,Week 7,109,7,Rep1
ID14,CTRL,Week 8,143,8,Rep1
ID14,CTRL,Week 9,156,9,Rep1
ID14,CTRL,Week 10,132,10,Rep1
ID14,CTRL,Week 11,122,11,Rep1
ID14,CTRL,Week 12,158,12,Rep1
ID15,CTRL,Week 0,191,0,Rep2
ID15,CTRL,Week 1,166,1,Rep2
ID15,CTRL,Week 2,164,2,Rep2
ID15,CTRL,Week 3,147,3,Rep2
ID15,CTRL,Week 4,143,4,Rep2
ID15,CTRL,Week 5,148,5,Rep2
ID15,CTRL,Week 6,108,6,Rep2
ID15,CTRL,Week 7,115,7,Rep2
ID15,CTRL,Week 8,135,8,Rep2
ID15,CTRL,Week 9,144,9,Rep2
ID15,CTRL,Week 10,202,10,Rep2
ID15,CTRL,Week 11,99,11,Rep2
ID15,CTRL,Week 12,164,12,Rep2
ID16,CTRL,Week 0,154,0,Rep3
ID16,CTRL,Week 1,223,1,Rep3
ID16,CTRL,Week 2,162,2,Rep3
ID16,CTRL,Week 3,182,3,Rep3
ID16,CTRL,Week 4,155,4,Rep3
ID16,CTRL,Week 5,154,5,Rep3
ID16,CTRL,Week 6,119,6,Rep3
ID16,CTRL,Week 7,111,7,Rep3
ID16,CTRL,Week 8,145,8,Rep3
ID16,CTRL,Week 9,151,9,Rep3
ID16,CTRL,Week 10,146,10,Rep3
ID16,CTRL,Week 11,141,11,Rep3
ID16,CTRL,Week 12,146,12,Rep3
ID17,CTRL,Week 0,125,0,Rep4
ID17,CTRL,Week 1,200,1,Rep4
ID17,CTRL,Week 2,159,2,Rep4
ID17,CTRL,Week 3,105,3,Rep4
ID17,CTRL,Week 4,150,4,Rep4
ID17,CTRL,Week 5,199,5,Rep4
ID17,CTRL,Week 6,114,6,Rep4
ID17,CTRL,Week 7,109,7,Rep4
ID17,CTRL,Week 8,107,8,Rep4
ID17,CTRL,Week 9,109,9,Rep4
ID17,CTRL,Week 10,132,10,Rep4
ID17,CTRL,Week 11,147,11,Rep4
ID17,CTRL,Week 12,208,12,Rep4
ID18,CTRL,Week 0,204,0,Rep5
ID18,CTRL,Week 1,219,1,Rep5
ID18,CTRL,Week 2,159,2,Rep5
ID18,CTRL,Week 3,122,3,Rep5
ID18,CTRL,Week 4,158,4,Rep5
ID18,CTRL,Week 5,154,5,Rep5
ID18,CTRL,Week 6,124,6,Rep5
ID18,CTRL,Week 7,147,7,Rep5
ID18,CTRL,Week 8,127,8,Rep5
ID18,CTRL,Week 9,144,9,Rep5
ID18,CTRL,Week 10,146,10,Rep5
ID18,CTRL,Week 11,109,11,Rep5
ID18,CTRL,Week 12,156,12,Rep5
ID01,DSS-IL10-KO,Week 0,179,0,Rep1
ID01,DSS-IL10-KO,Week 1,141,1,Rep1
ID01,DSS-IL10-KO,Week 2,160,2,Rep1
ID01,DSS-IL10-KO,Week 3,122,3,Rep1
ID01,DSS-IL10-KO,Week 4,108,4,Rep1
ID01,DSS-IL10-KO,Week 5,223,5,Rep1
ID01,DSS-IL10-KO,Week 6,157,6,Rep1
ID01,DSS-IL10-KO,Week 7,132,7,Rep1
ID01,DSS-IL10-KO,Week 8,213,8,Rep1
ID01,DSS-IL10-KO,Week 9,143,9,Rep1
ID01,DSS-IL10-KO,Week 10,281,10,Rep1
ID01,DSS-IL10-KO,Week 11,111,11,Rep1
ID01,DSS-IL10-KO,Week 12,176,12,Rep1
ID02,DSS-IL10-KO,Week 0,148,0,Rep2
ID02,DSS-IL10-KO,Week 1,127,1,Rep2
ID02,DSS-IL10-KO,Week 2,214,2,Rep2
ID02,DSS-IL10-KO,Week 3,178,3,Rep2
ID02,DSS-IL10-KO,Week 4,145,4,Rep2
ID02,DSS-IL10-KO,Week 5,259,5,Rep2
ID02,DSS-IL10-KO,Week 6,184,6,Rep2
ID02,DSS-IL10-KO,Week 7,181,7,Rep2
ID02,DSS-IL10-KO,Week 8,235,8,Rep2
ID02,DSS-IL10-KO,Week 9,176,9,Rep2
ID02,DSS-IL10-KO,Week 10,183,10,Rep2
ID02,DSS-IL10-KO,Week 11,151,11,Rep2
ID02,DSS-IL10-KO,Week 12,200,12,Rep2
ID03,DSS-IL10-KO,Week 0,130,0,Rep3
ID03,DSS-IL10-KO,Week 1,124,1,Rep3
ID03,DSS-IL10-KO,Week 2,121,2,Rep3
ID03,DSS-IL10-KO,Week 3,135,3,Rep3
ID03,DSS-IL10-KO,Week 4,118,4,Rep3
ID03,DSS-IL10-KO,Week 5,179,5,Rep3
ID03,DSS-IL10-KO,Week 6,127,6,Rep3
ID03,DSS-IL10-KO,Week 7,125,7,Rep3
ID03,DSS-IL10-KO,Week 8,190,8,Rep3
ID03,DSS-IL10-KO,Week 9,127,9,Rep3
ID03,DSS-IL10-KO,Week 10,162,10,Rep3
ID03,DSS-IL10-KO,Week 11,105,11,Rep3
ID03,DSS-IL10-KO,Week 12,176,12,Rep3
ID11,DSS-IL10-KO,Week 0,226,0,Rep4
ID11,DSS-IL10-KO,Week 1,128,1,Rep4
ID11,DSS-IL10-KO,Week 2,188,2,Rep4
ID11,DSS-IL10-KO,Week 3,108,3,Rep4
ID11,DSS-IL10-KO,Week 4,184,4,Rep4
ID11,DSS-IL10-KO,Week 5,148,5,Rep4
ID11,DSS-IL10-KO,Week 6,120,6,Rep4
ID11,DSS-IL10-KO,Week 7,153,7,Rep4
ID11,DSS-IL10-KO,Week 8,186,8,Rep4
ID11,DSS-IL10-KO,Week 9,115,9,Rep4
ID11,DSS-IL10-KO,Week 10,247,10,Rep4
ID11,DSS-IL10-KO,Week 11,114,11,Rep4
ID11,DSS-IL10-KO,Week 12,140,12,Rep4
ID12,DSS-IL10-KO,Week 0,147,0,Rep5
ID12,DSS-IL10-KO,Week 1,120,1,Rep5
ID12,DSS-IL10-KO,Week 2,188,2,Rep5
ID12,DSS-IL10-KO,Week 3,102,3,Rep5
ID12,DSS-IL10-KO,Week 4,177,4,Rep5
ID12,DSS-IL10-KO,Week 5,145,5,Rep5
ID12,DSS-IL10-KO,Week 6,131,6,Rep5
ID12,DSS-IL10-KO,Week 7,131,7,Rep5
ID12,DSS-IL10-KO,Week 8,222,8,Rep5
ID12,DSS-IL10-KO,Week 9,94,9,Rep5
ID12,DSS-IL10-KO,Week 10,245,10,Rep5
ID12,DSS-IL10-KO,Week 11,117,11,Rep5
ID12,DSS-IL10-KO,Week 12,180,12,Rep5
ID13,DSS-IL10-KO,Week 0,172,0,Rep6
ID13,DSS-IL10-KO,Week 1,160,1,Rep6
ID13,DSS-IL10-KO,Week 2,142,2,Rep6
ID13,DSS-IL10-KO,Week 3,86,3,Rep6
ID13,DSS-IL10-KO,Week 4,174,4,Rep6
ID13,DSS-IL10-KO,Week 5,127,5,Rep6
ID13,DSS-IL10-KO,Week 6,125,6,Rep6
ID13,DSS-IL10-KO,Week 7,88,7,Rep6
ID13,DSS-IL10-KO,Week 8,195,8,Rep6
ID13,DSS-IL10-KO,Week 9,79,9,Rep6
ID13,DSS-IL10-KO,Week 10,233,10,Rep6
ID13,DSS-IL10-KO,Week 11,107,11,Rep6
ID13,DSS-IL10-KO,Week 12,167,12,Rep6
ID04,IL10-KO,Week 0,118,0,Rep1
ID04,IL10-KO,Week 1,83,1,Rep1
ID04,IL10-KO,Week 2,102,2,Rep1
ID04,IL10-KO,Week 3,100,3,Rep1
ID04,IL10-KO,Week 4,123,4,Rep1
ID04,IL10-KO,Week 5,140,5,Rep1
ID04,IL10-KO,Week 6,134,6,Rep1
ID04,IL10-KO,Week 7,119,7,Rep1
ID04,IL10-KO,Week 8,114,8,Rep1
ID04,IL10-KO,Week 9,108,9,Rep1
ID04,IL10-KO,Week 10,115,10,Rep1
ID04,IL10-KO,Week 11,88,11,Rep1
ID04,IL10-KO,Week 12,120,12,Rep1
ID05,IL10-KO,Week 0,198,0,Rep2
ID05,IL10-KO,Week 1,119,1,Rep2
ID05,IL10-KO,Week 2,133,2,Rep2
ID05,IL10-KO,Week 3,91,3,Rep2
ID05,IL10-KO,Week 4,148,4,Rep2
ID05,IL10-KO,Week 5,131,5,Rep2
ID05,IL10-KO,Week 6,194,6,Rep2
ID05,IL10-KO,Week 7,226,7,Rep2
ID05,IL10-KO,Week 8,207,8,Rep2
ID05,IL10-KO,Week 9,168,9,Rep2
ID05,IL10-KO,Week 10,253,10,Rep2
ID05,IL10-KO,Week 11,172,11,Rep2
ID05,IL10-KO,Week 12,155,12,Rep2
ID06,IL10-KO,Week 0,159,0,Rep3
ID06,IL10-KO,Week 1,129,1,Rep3
ID06,IL10-KO,Week 2,112,2,Rep3
ID06,IL10-KO,Week 3,138,3,Rep3
ID06,IL10-KO,Week 4,132,4,Rep3
ID06,IL10-KO,Week 5,162,5,Rep3
ID06,IL10-KO,Week 6,146,6,Rep3
ID06,IL10-KO,Week 7,114,7,Rep3
ID06,IL10-KO,Week 8,116,8,Rep3
ID06,IL10-KO,Week 9,73,9,Rep3
ID06,IL10-KO,Week 10,126,10,Rep3
ID06,IL10-KO,Week 11,115,11,Rep3
ID06,IL10-KO,Week 12,100,12,Rep3
ID07,IL10-KO,Week 0,191,0,Rep4
ID07,IL10-KO,Week 1,133,1,Rep4
ID07,IL10-KO,Week 2,124,2,Rep4
ID07,IL10-KO,Week 3,88,3,Rep4
ID07,IL10-KO,Week 4,156,4,Rep4
ID07,IL10-KO,Week 5,210,5,Rep4
ID07,IL10-KO,Week 6,179,6,Rep4
ID07,IL10-KO,Week 7,122,7,Rep4
ID07,IL10-KO,Week 8,150,8,Rep4
ID07,IL10-KO,Week 9,88,9,Rep4
ID07,IL10-KO,Week 10,127,10,Rep4
ID07,IL10-KO,Week 11,120,11,Rep4
ID07,IL10-KO,Week 12,134,12,Rep4
ID08,IL10-KO,Week 0,131,0,Rep5
ID08,IL10-KO,Week 1,101,1,Rep5
ID08,IL10-KO,Week 2,116,2,Rep5
ID08,IL10-KO,Week 3,87,3,Rep5
ID08,IL10-KO,Week 4,109,4,Rep5
ID08,IL10-KO,Week 5,131,5,Rep5
ID08,IL10-KO,Week 6,139,6,Rep5
ID08,IL10-KO,Week 7,159,7,Rep5
ID08,IL10-KO,Week 8,98,8,Rep5
ID08,IL10-KO,Week 9,93,9,Rep5
ID08,IL10-KO,Week 10,95,10,Rep5
ID08,IL10-KO,Week 11,80,11,Rep5
ID08,IL10-KO,Week 12,85,12,Rep5
ID09,IL10-KO,Week 0,135,0,Rep6
ID09,IL10-KO,Week 1,134,1,Rep6
ID09,IL10-KO,Week 2,175,2,Rep6
ID09,IL10-KO,Week 3,97,3,Rep6
ID09,IL10-KO,Week 4,138,4,Rep6
ID09,IL10-KO,Week 5,133,5,Rep6
ID09,IL10-KO,Week 6,158,6,Rep6
ID09,IL10-KO,Week 7,113,7,Rep6
ID09,IL10-KO,Week 8,156,8,Rep6
ID09,IL10-KO,Week 9,119,9,Rep6
ID09,IL10-KO,Week 10,129,10,Rep6
ID09,IL10-KO,Week 11,101,11,Rep6
ID09,IL10-KO,Week 12,145,12,Rep6
ID10,IL10-KO,Week 0,125,0,Rep7
ID10,IL10-KO,Week 1,118,1,Rep7
ID10,IL10-KO,Week 2,263,2,Rep7
ID10,IL10-KO,Week 3,119,3,Rep7
ID10,IL10-KO,Week 4,157,4,Rep7
ID10,IL10-KO,Week 5,176,5,Rep7
ID10,IL10-KO,Week 6,248,6,Rep7
ID10,IL10-KO,Week 7,123,7,Rep7
ID10,IL10-KO,Week 8,180,8,Rep7
ID10,IL10-KO,Week 9,174,9,Rep7
ID10,IL10-KO,Week 10,115,10,Rep7
ID10,IL10-KO,Week 11,116,11,Rep7
ID10,IL10-KO,Week 12,177,12,Rep7
