Organ,Gene,Group,Relative_expression,Fold_Change,Log2_Fold_Change
Pancreas,Tbc1d4,IL10-KO,22.35723579,0.9357572998066945,-0.09579369730971807
Pancreas,Tbc1d4,IL10-KO,46.25625799,1.9360457385006735,0.9531130362533314
Pancreas,Tbc1d4,IL10-KO,47.26368644,1.9782114397964528,0.9841966358255589
Pancreas,Tbc1d4,IL10-KO,39.20205758,1.6407936961659322,0.7143938541905084
Pancreas,Mafa,IL10-KO,9.857809623,1.0993742702036586,0.13668261999498546
Pancreas,Mafa,IL10-KO,7.248099208,0.8083310676407366,-0.3069817971839325
Pancreas,Mafa,IL10-KO,4.278637539,0.4771672614704646,-1.067433032018634
Pancreas,Mafa,IL10-KO,7.305702603,0.814755181390268,-0.29556147315546444
Pancreas,Ins1,IL10-KO,,,
Pancreas,Ins1,IL10-KO,,,
Pancreas,Ins1,IL10-KO,,,
Pancreas,Ins1,IL10-KO,,,
Pancreas,Ins2,IL10-KO,1135.654903,0.2759047888872433,-1.8577575970801274
Pancreas,Ins2,IL10-KO,1572.832221,0.3821160290363832,-1.3879173176256767
Pancreas,Ins2,IL10-KO,1612.223088,0.39168595103910664,-1.3522307121429926
Pancreas,Ins2,IL10-KO,1180.606467,0.2868256696431919,-1.8017539501720976
Pancreas,Srr,IL10-KO,20.82230622,0.6777952908976053,-0.5610784814090262
Pancreas,Srr,IL10-KO,15.01772,0.4888478628866685,-1.0325425491564053
Pancreas,Srr,IL10-KO,20.20070222,0.6575612082963977,-0.6048029026943331
Pancreas,Srr,IL10-KO,29.32385361,0.9545325900902413,-0.06713363926033225
Pancreas,Glp1r,IL10-KO,33.60715064,,
Pancreas,Glp1r,IL10-KO,26.95046831,,
Pancreas,Glp1r,IL10-KO,15.62669545,,
Pancreas,Glp1r,IL10-KO,28.09670836,,
Pancreas,Zfand6,IL10-KO,181.3845366,1.218395179460038,0.2849821389742387
Pancreas,Zfand6,IL10-KO,253.1352208,1.7003584680121646,0.7658389260724094
Pancreas,Zfand6,IL10-KO,264.9950479,1.7800232312755038,0.8318960700833886
Pancreas,Zfand6,IL10-KO,195.5375443,1.313463682430433,0.39337631017700814
Pancreas,Ghrhr,IL10-KO,,,
Pancreas,Ghrhr,IL10-KO,2.557984131,0.3489549184172171,-1.518887428586925
Pancreas,Ghrhr,IL10-KO,4.371477474,0.5963479393072013,-0.7457737778791046
Pancreas,Ghrhr,IL10-KO,2.897251557,0.39523708081482634,-1.3392097891639265
Pancreas,Insr,IL10-KO,10.45653715,0.5198299490825752,-0.9438883403611508
Pancreas,Insr,IL10-KO,16.20163893,0.8054384562709814,-0.3121537383884836
Pancreas,Insr,IL10-KO,23.07182508,1.1469787257991504,0.19783863244466846
Pancreas,Insr,IL10-KO,19.77808982,0.9832359677583318,-0.0243904029792062
Pancreas,Glut1,IL10-KO,15.99451314,0.5926120923490179,-0.7548400298538274
Pancreas,Glut1,IL10-KO,9.212848744,0.34134490514894544,-1.550697876248432
Pancreas,Glut1,IL10-KO,33.83944587,1.2537840098927844,0.3262888356236408
Pancreas,Glut1,IL10-KO,11.31207232,0.41912315727783445,-1.2545538598255925
Pancreas,Tcf19,IL10-KO,2.771928396,,
Pancreas,Tcf19,IL10-KO,1.364244481,,
Pancreas,Tcf19,IL10-KO,1.071940621,,
Pancreas,Tcf19,IL10-KO,2.223189745,,
Pancreas,Tbc1d4,DSS-IL10-KO,33.64482948,1.408197108192751,0.4938492850473404
Pancreas,Tbc1d4,DSS-IL10-KO,22.64943073,0.9479870562327495,-0.07706073411436429
Pancreas,Tbc1d4,DSS-IL10-KO,30.74086205,1.2866521754225364,0.36362209814750424
Pancreas,Tbc1d4,DSS-IL10-KO,36.77035598,1.5390153482285986,0.6220076193872881
Pancreas,Mafa,DSS-IL10-KO,8.389992934,0.9356786864000187,-0.09591490388355892
Pancreas,Mafa,DSS-IL10-KO,6.108896415,0.6812835502849285,-0.5536727218346905
Pancreas,Mafa,DSS-IL10-KO,2.337843599,0.26072375089332966,-1.9394060822660597
Pancreas,Mafa,DSS-IL10-KO,8.899661228,0.9925185149411255,-0.010834079619576976
Pancreas,Ins1,DSS-IL10-KO,5.325584478,2.3944004078451133,1.2596644296870714
Pancreas,Ins1,DSS-IL10-KO,1.967656638,0.8846649369640034,-0.17679695077705976
Pancreas,Ins1,DSS-IL10-KO,,,
Pancreas,Ins1,DSS-IL10-KO,2.879486876,1.2946268299302812,0.3725363078014584
Pancreas,Ins2,DSS-IL10-KO,40050.99252,9.730298004054106,3.2824839902466096
Pancreas,Ins2,DSS-IL10-KO,39789.24479,9.666706985341825,3.2730245117269057
Pancreas,Ins2,DSS-IL10-KO,34143.41376,8.295065112172194,3.052253305670499
Pancreas,Ins2,DSS-IL10-KO,29872.38671,7.257428754992696,2.8594585042169753
Pancreas,Srr,DSS-IL10-KO,22.88488947,0.7449352704543115,-0.42481302374436214
Pancreas,Srr,DSS-IL10-KO,19.8662859,0.646675487737856,-0.6288861688826755
Pancreas,Srr,DSS-IL10-KO,14.61293035,0.47567139166992295,-1.0719628350632413
Pancreas,Srr,DSS-IL10-KO,15.43367988,0.5023879407669721,-0.9931262604438323
Pancreas,Glp1r,DSS-IL10-KO,37.68874536,,
Pancreas,Glp1r,DSS-IL10-KO,33.49380935,,
Pancreas,Glp1r,DSS-IL10-KO,43.01162087,,
Pancreas,Glp1r,DSS-IL10-KO,39.04258751,,
Pancreas,Zfand6,DSS-IL10-KO,234.6754691,1.5763607286960046,0.656597713696955
Pancreas,Zfand6,DSS-IL10-KO,218.2571033,1.4660753751575955,0.5519592784857879
Pancreas,Zfand6,DSS-IL10-KO,207.9285476,1.3966964594487217,0.48201851750454516
Pancreas,Zfand6,DSS-IL10-KO,232.5457987,1.5620553187760793,0.6434455461244087
Pancreas,Ghrhr,DSS-IL10-KO,0.725309706,0.09894525388845961,-3.3372256826616136
Pancreas,Ghrhr,DSS-IL10-KO,1.974157319,0.26931046907045764,-1.8926577811916285
Pancreas,Ghrhr,DSS-IL10-KO,,,
Pancreas,Ghrhr,DSS-IL10-KO,0.731540309,0.09979521989692937,-3.3248854763780606
Pancreas,Insr,DSS-IL10-KO,23.01336808,1.1440726299380057,0.19417864261045462
Pancreas,Insr,DSS-IL10-KO,42.28705204,2.1022328705450453,1.0719224897435322
Pancreas,Insr,DSS-IL10-KO,,,
Pancreas,Insr,DSS-IL10-KO,15.99349848,0.7950910881152125,-0.33080794537803243
Pancreas,Glut1,DSS-IL10-KO,23.09539242,0.8557064979620785,-0.2248120488963487
Pancreas,Glut1,DSS-IL10-KO,17.91113353,0.6636247208432349,-0.5915604654144764
Pancreas,Glut1,DSS-IL10-KO,22.89125088,0.8481428576001718,-0.23762080817312844
Pancreas,Glut1,DSS-IL10-KO,20.96858059,0.7769060744932998,-0.3641879030156589
Pancreas,Tcf19,DSS-IL10-KO,1.702571472,,
Pancreas,Tcf19,DSS-IL10-KO,2.340862076,,
Pancreas,Tcf19,DSS-IL10-KO,0.948082041,,
Pancreas,Tcf19,DSS-IL10-KO,3.134797392,,
Pancreas,Tbc1d4,CTRL,27.03836656,1.1316850222909074,0.17847247406104658
Pancreas,Tbc1d4,CTRL,28.74417152,1.2030811223436888,0.26673392502196697
Pancreas,Tbc1d4,CTRL,18.20425385,0.7619351331120717,-0.3922599149128477
Pancreas,Tbc1d4,CTRL,21.58173121,0.9032987222533322,-0.14672492684322044
Pancreas,Mafa,CTRL,7.060480874,0.7874072745359448,-0.344818053855416
Pancreas,Mafa,CTRL,4.778918759,0.53296021367466,-0.9079002573563691
Pancreas,Mafa,CTRL,16.04170826,1.789022306741448,0.8391713760005713
Pancreas,Mafa,CTRL,7.985875318,0.8906102050479475,-0.1671339519054284
Pancreas,Ins1,CTRL,4.190090392,1.8838785085389254,0.913705928443247
Pancreas,Ins1,CTRL,,,
Pancreas,Ins1,CTRL,0.792137569,0.35614767282695176,-1.489452531560267
Pancreas,Ins1,CTRL,1.690320783,0.7599738186341228,-0.39597837682762854
Pancreas,Ins2,CTRL,4359.33218,1.0590898886932962,0.08282504114196958
Pancreas,Ins2,CTRL,4492.266776,1.0913860479827973,0.12616150587405697
Pancreas,Ins2,CTRL,3738.947775,0.9083689013244219,-0.13864977971996637
Pancreas,Ins2,CTRL,3873.899683,0.9411551619994843,-0.08749550477762486
Pancreas,Srr,CTRL,31.27924519,1.0181833303483887,0.025997351169508347
Pancreas,Srr,CTRL,24.34597825,0.7924957608343886,-0.3355248767830301
Pancreas,Srr,CTRL,30.87906018,1.0051567466261073,0.007420496376361194
Pancreas,Srr,CTRL,36.37828284,1.1841641621911156,0.24386909748867705
Pancreas,Glp1r,CTRL,,,
Pancreas,Glp1r,CTRL,,,
Pancreas,Glp1r,CTRL,,,
Pancreas,Glp1r,CTRL,,,
Pancreas,Zfand6,CTRL,192.5971564,1.2937125255222612,0.3715170732197192
Pancreas,Zfand6,CTRL,123.0863492,0.8267949260378953,-0.27439855977957484
Pancreas,Zfand6,CTRL,111.099412,0.7462763395324886,-0.42221814825223564
Pancreas,Zfand6,CTRL,168.7038002,1.1332162089073552,0.1804231425002156
Pancreas,Ghrhr,CTRL,10.90535101,1.4876854886969064,0.5730695588002104
Pancreas,Ghrhr,CTRL,7.039997533,0.960381941003302,-0.058319819463487306
Pancreas,Ghrhr,CTRL,7.811548678,1.0656353566110572,0.09171385535328558
Pancreas,Ghrhr,CTRL,3.564760059,0.4862972136887346,-1.040089769420069
Pancreas,Insr,CTRL,17.49424449,0.8696982654984228,-0.20141313803413696
Pancreas,Insr,CTRL,18.14689749,0.902143861099696,-0.148570582531043
Pancreas,Insr,CTRL,18.09702215,0.8996643886815565,-0.1525411768715406
Pancreas,Insr,CTRL,26.72304953,1.328493484720325,0.4097911524917796
Pancreas,Glut1,CTRL,,,
Pancreas,Glut1,CTRL,30.45162344,1.1282619310913766,0.17410203477495148
Pancreas,Glut1,CTRL,,,
Pancreas,Glut1,CTRL,23.52808216,0.8717380689086233,-0.19803338127586595
Pancreas,Tcf19,CTRL,,,
Pancreas,Tcf19,CTRL,,,
Pancreas,Tcf19,CTRL,,,
Pancreas,Tcf19,CTRL,,,
